Ticker,Name
A,"Agilent Technologies, Inc."
AA,Alcoa Corporation
AAL,American Airlines Group Inc.
AAN,"Aaron's Holdings Company, Inc."
AAOI,"Applied Optoelectronics, Inc."
AAON,"AAON, Inc."
AAP,"Advance Auto Parts, Inc."
AAPL,Apple Inc.
AAT,"American Assets Trust, Inc."
AAWW,"Atlas Air Worldwide Holdings, Inc."
AAXN,"Axon Enterprise, Inc."
ABBV,AbbVie Inc.
ABC,AmerisourceBergen Corporation
ABCB,Ameris Bancorp
ABEO,Abeona Therapeutics Inc.
ABG,"Asbury Automotive Group, Inc."
ABM,ABM Industries Incorporated
ABMD,"Abiomed, Inc."
ABT,Abbott Laboratories
ABTX,"Allegiance Bancshares, Inc."
AC,"Associated Capital Group, Inc."
ACA,"Arcosa, Inc."
ACAD,ACADIA Pharmaceuticals Inc.
ACBI,"Atlantic Capital Bancshares, Inc."
ACC,"American Campus Communities, Inc."
ACCO,ACCO Brands Corporation
ACER,Acer Therapeutics Inc.
ACGL,Arch Capital Group Ltd.
ACHC,"Acadia Healthcare Company, Inc."
ACIA,"Acacia Communications, Inc."
ACIW,"ACI Worldwide, Inc."
ACLS,"Axcelis Technologies, Inc."
ACM,AECOM
ACN,Accenture plc
ACNB,ACNB Corporation
ACOR,"Acorda Therapeutics, Inc."
ACRE,Ares Commercial Real Estate Corporation
ACRS,"Aclaris Therapeutics, Inc."
ACRX,"AcelRx Pharmaceuticals, Inc."
ACTG,Acacia Research Corporation
ADBE,Adobe Inc.
ADC,Agree Realty Corporation
ADES,"Advanced Emissions Solutions, Inc."
ADI,"Analog Devices, Inc."
ADM,Archer-Daniels-Midland Company
ADMA,"ADMA Biologics, Inc."
ADMS,"Adamas Pharmaceuticals, Inc."
ADNT,Adient plc
ADP,"Automatic Data Processing, Inc."
ADPT,Adaptive Biotechnologies Corporation
ADRO,"Aduro Biotech, Inc."
ADS,Alliance Data Systems Corporation
ADSK,"Autodesk, Inc."
ADSW,"Advanced Disposal Services, Inc."
ADT,ADT Inc.
ADTN,"ADTRAN, Inc."
ADUS,Addus HomeCare Corporation
ADVM,"Adverum Biotechnologies, Inc."
AEE,Ameren Corporation
AEGN,Aegion Corporation
AEIS,"Advanced Energy Industries, Inc."
AEL,American Equity Investment Life Holding Company
AEO,"American Eagle Outfitters, Inc."
AEP,"American Electric Power Company, Inc."
AERI,"Aerie Pharmaceuticals, Inc."
AES,The AES Corporation
AFG,"American Financial Group, Inc."
AFI,"Armstrong Flooring, Inc."
AFIN,"American Finance Trust, Inc."
AFL,Aflac Incorporated
AFMD,Affimed N.V.
AGCO,AGCO Corporation
AGE,"AgeX Therapeutics, Inc."
AGEN,Agenus Inc.
AGIO,"Agios Pharmaceuticals, Inc."
AGLE,"Aeglea BioTherapeutics, Inc."
AGM,Federal Agricultural Mortgage Corporation
AGNC,AGNC Investment Corp.
AGO,Assured Guaranty Ltd.
AGR,"Avangrid, Inc."
AGS,"PlayAGS, Inc."
AGX,"Argan, Inc."
AGYS,"Agilysys, Inc."
AHH,"Armada Hoffler Properties, Inc."
AHT,"Ashford Hospitality Trust, Inc."
AI,Arlington Asset Investment Corp.
AIG,"American International Group, Inc."
AIMC,Altra Industrial Motion Corp.
AIMT,"Aimmune Therapeutics, Inc."
AIN,Albany International Corp.
AIR,AAR Corp.
AIRG,"Airgain, Inc."
AIT,"Applied Industrial Technologies, Inc."
AIV,Apartment Investment and Management Company
AIZ,"Assurant, Inc."
AJG,Arthur J. Gallagher & Co.
AJRD,"Aerojet Rocketdyne Holdings, Inc."
AJX,Great Ajax Corp.
AKAM,"Akamai Technologies, Inc."
AKBA,"Akebia Therapeutics, Inc."
AKCA,"Akcea Therapeutics, Inc."
AKR,Acadia Realty Trust
AKRO,"Akero Therapeutics, Inc."
AKRX,
AKTS,"Akoustis Technologies, Inc."
AL,Air Lease Corporation
ALB,Albemarle Corporation
ALBO,"Albireo Pharma, Inc."
ALCO,"Alico, Inc."
ALDX,"Aldeyra Therapeutics, Inc."
ALE,"ALLETE, Inc."
ALEC,"Alector, Inc."
ALEX,"Alexander & Baldwin, Inc."
ALG,Alamo Group Inc.
ALGN,"Align Technology, Inc."
ALGT,Allegiant Travel Company
ALK,"Alaska Air Group, Inc."
ALKS,Alkermes plc
ALL,The Allstate Corporation
ALLE,Allegion plc
ALLK,Allakos Inc.
ALLO,"Allogene Therapeutics, Inc."
ALLY,Ally Financial Inc.
ALNY,"Alnylam Pharmaceuticals, Inc."
ALOT,"AstroNova, Inc."
ALRM,"Alarm.com Holdings, Inc."
ALRS,Alerus Financial Corporation
ALSN,"Allison Transmission Holdings, Inc."
ALTM,Altus Midstream Company
ALTR,Altair Engineering Inc.
ALX,"Alexander's, Inc."
ALXN,"Alexion Pharmaceuticals, Inc."
AM,Antero Midstream Corporation
AMAG,"AMAG Pharmaceuticals, Inc."
AMAL,Amalgamated Bank
AMAT,"Applied Materials, Inc."
AMBA,"Ambarella, Inc."
AMBC,"Ambac Financial Group, Inc."
AMC,"AMC Entertainment Holdings, Inc."
AMCX,AMC Networks Inc.
AMD,"Advanced Micro Devices, Inc."
AME,"AMETEK, Inc."
AMED,"Amedisys, Inc."
AMEH,"Apollo Medical Holdings, Inc."
AMG,"Affiliated Managers Group, Inc."
AMGN,Amgen Inc.
AMH,American Homes 4 Rent
AMK,"AssetMark Financial Holdings, Inc."
AMKR,"Amkor Technology, Inc."
AMN,"AMN Healthcare Services, Inc."
AMNB,American National Bankshares Inc.
AMOT,Allied Motion Technologies Inc.
AMP,"Ameriprise Financial, Inc."
AMPH,"Amphastar Pharmaceuticals, Inc."
AMPY,Amplify Energy Corp.
AMRC,"Ameresco, Inc."
AMRS,"Amyris, Inc."
AMRX,"Amneal Pharmaceuticals, Inc."
AMSC,American Superconductor Corporation
AMSF,"AMERISAFE, Inc."
AMSWA,"American Software, Inc."
AMT,American Tower Corporation (REIT)
AMTB,Amerant Bancorp Inc.
AMTD,
AMWD,American Woodmark Corporation
AMZN,"Amazon.com, Inc."
AN,"AutoNation, Inc."
ANAB,"AnaptysBio, Inc."
ANAT,"American National Group, Inc."
ANDE,"The Andersons, Inc."
ANET,"Arista Networks, Inc."
ANF,Abercrombie & Fitch Co.
ANGO,"AngioDynamics, Inc."
ANH,Anworth Mortgage Asset Corporation
ANIK,"Anika Therapeutics, Inc."
ANIP,"ANI Pharmaceuticals, Inc."
ANSS,"ANSYS, Inc."
ANTM,"Anthem, Inc."
AOBC,
AON,Aon Plc
AOS,A. O. Smith Corporation
AOSL,Alpha and Omega Semiconductor Limited
APA,Apache Corporation
APAM,Artisan Partners Asset Management Inc.
APD,"Air Products and Chemicals, Inc."
APEI,"American Public Education, Inc."
APH,Amphenol Corporation
APLE,"Apple Hospitality REIT, Inc."
APLS,"Apellis Pharmaceuticals, Inc."
APLT,"Applied Therapeutics, Inc."
APOG,"Apogee Enterprises, Inc."
APPF,"AppFolio, Inc."
APPN,Appian Corporation
APPS,"Digital Turbine, Inc."
APRE,"Aprea Therapeutics, Inc."
APTS,"Preferred Apartment Communities, Inc."
APTV,Aptiv PLC
APY,
APYX,Apyx Medical Corporation
AQUA,Evoqua Water Technologies Corp.
AR,Antero Resources Corporation
ARA,"American Renal Associates Holdings, Inc."
ARAY,Accuray Incorporated
ARCB,ArcBest Corporation
ARCH,"Arch Resources, Inc."
ARD,Ardagh Group S.A.
ARDX,"Ardelyx, Inc."
ARE,"Alexandria Real Estate Equities, Inc."
ARES,Ares Management Corporation
ARGO,"Argo Group International Holdings, Ltd."
ARI,"Apollo Commercial Real Estate Finance, Inc."
ARL,"American Realty Investors, Inc."
ARLO,"Arlo Technologies, Inc."
ARMK,Aramark
ARNA,"Arena Pharmaceuticals, Inc."
ARNC,Arconic Corporation
AROC,"Archrock, Inc."
AROW,Arrow Financial Corporation
ARQT,"Arcutis Biotherapeutics, Inc."
ARR,"ARMOUR Residential REIT, Inc."
ARTNA,Artesian Resources Corporation
ARVN,"Arvinas, Inc."
ARW,"Arrow Electronics, Inc."
ARWR,"Arrowhead Pharmaceuticals, Inc."
ASB,Associated Banc-Corp
ASC,Ardmore Shipping Corporation
ASGN,ASGN Incorporated
ASH,Ashland Global Holdings Inc.
ASIX,AdvanSix Inc.
ASMB,"Assembly Biosciences, Inc."
ASNA,
ASPS,Altisource Portfolio Solutions S.A.
ASRT,"Assertio Holdings, Inc."
ASTE,"Astec Industries, Inc."
AT,Atlantic Power Corporation
ATEC,"Alphatec Holdings, Inc."
ATEN,"A10 Networks, Inc."
ATEX,Anterix Inc.
ATGE,Adtalem Global Education Inc.
ATH,Athene Holding Ltd.
ATHX,"Athersys, Inc."
ATI,Allegheny Technologies Incorporated
ATKR,Atkore International Group Inc.
ATLO,Ames National Corporation
ATNI,"ATN International, Inc."
ATNX,"Athenex, Inc."
ATO,Atmos Energy Corporation
ATR,"AptarGroup, Inc."
ATRA,"Atara Biotherapeutics, Inc."
ATRC,"AtriCure, Inc."
ATRI,Atrion Corporation
ATRO,Astronics Corporation
ATRS,"Antares Pharma, Inc."
ATSG,"Air Transport Services Group, Inc."
ATUS,"Altice USA, Inc."
ATVI,"Activision Blizzard, Inc."
AUB,Atlantic Union Bankshares Corporation
AVA,Avista Corporation
AVAV,"AeroVironment, Inc."
AVB,"AvalonBay Communities, Inc."
AVCO,Avalon GloboCare Corp.
AVD,American Vanguard Corporation
AVGO,Broadcom Inc.
AVID,"Avid Technology, Inc."
AVLR,"Avalara, Inc."
AVNS,"Avanos Medical, Inc."
AVRO,"AVROBIO, Inc."
AVT,"Avnet, Inc."
AVTR,"Avantor, Inc."
AVXL,Anavex Life Sciences Corp.
AVY,Avery Dennison Corporation
AVYA,Avaya Holdings Corp.
AWI,"Armstrong World Industries, Inc."
AWK,"American Water Works Company, Inc."
AWR,American States Water Company
AX,"Axos Financial, Inc."
AXAS,Abraxas Petroleum Corporation
AXDX,"Accelerate Diagnostics, Inc."
AXE,Anixter International Inc.
AXGN,"AxoGen, Inc."
AXL,"American Axle & Manufacturing Holdings, Inc."
AXLA,Axcella Health Inc.
AXNX,"Axonics Modulation Technologies, Inc."
AXP,American Express Company
AXS,AXIS Capital Holdings Limited
AXSM,"Axsome Therapeutics, Inc."
AXTA,Axalta Coating Systems Ltd.
AXTI,"AXT, Inc."
AYI,"Acuity Brands, Inc."
AYX,"Alteryx, Inc."
AZO,"AutoZone, Inc."
AZPN,"Aspen Technology, Inc."
AZZ,AZZ Inc.
B,Barnes Group Inc.
BA,The Boeing Company
BAC,Bank of America Corporation
BAH,Booz Allen Hamilton Holding Corporation
BANC,"Banc of California, Inc."
BAND,Bandwidth Inc.
BANF,BancFirst Corporation
BANR,Banner Corporation
BATRA,The Liberty Braves Group
BATRK,The Liberty Braves Group
BAX,Baxter International Inc.
BBBY,Bed Bath & Beyond Inc.
BBCP,"Concrete Pumping Holdings, Inc."
BBIO,"BridgeBio Pharma, Inc."
BBSI,"Barrett Business Services, Inc."
BBX,
BBY,"Best Buy Co., Inc."
BC,Brunswick Corporation
BCBP,"BCB Bancorp, Inc."
BCC,Boise Cascade Company
BCEI,"Bonanza Creek Energy, Inc."
BCEL,"Atreca, Inc."
BCML,BayCom Corp
BCO,The Brink's Company
BCOR,"Blucora, Inc."
BCOV,Brightcove Inc.
BCPC,Balchem Corporation
BCRX,"BioCryst Pharmaceuticals, Inc."
BDC,Belden Inc.
BDGE,"Bridge Bancorp, Inc."
BDN,Brandywine Realty Trust
BDSI,"BioDelivery Sciences International, Inc."
BDTX,"Black Diamond Therapeutics, Inc."
BDX,"Becton, Dickinson and Company"
BE,Bloom Energy Corporation
BEAM,Beam Therapeutics Inc.
BEAT,"BioTelemetry, Inc."
BECN,"Beacon Roofing Supply, Inc."
BELFB,Bel Fuse Inc.
BEN,"Franklin Resources, Inc."
BERY,"Berry Global Group, Inc."
BF-A,Brown-Forman Corporation
BF-B,Brown-Forman Corporation
BFAM,Bright Horizons Family Solutions Inc.
BFC,Bank First Corporation
BFIN,BankFinancial Corporation
BFS,"Saul Centers, Inc."
BFST,"Business First Bancshares, Inc."
BFYT,"Benefytt Technologies, Inc."
BG,Bunge Limited
BGCP,"BGC Partners, Inc."
BGG,Briggs & Stratton Corporation
BGS,"B&G Foods, Inc."
BGSF,"BG Staffing, Inc."
BH,Biglari Holdings Inc.
BHB,Bar Harbor Bankshares
BHE,"Benchmark Electronics, Inc."
BHF,"Brighthouse Financial, Inc."
BHLB,"Berkshire Hills Bancorp, Inc."
BHR,"Braemar Hotels & Resorts, Inc."
BHVN,Biohaven Pharmaceutical Holding Company Ltd.
BIG,"Big Lots, Inc."
BIIB,Biogen Inc.
BILL,"Bill.com Holdings, Inc."
BIO,"Bio-Rad Laboratories, Inc."
BJ,"BJ's Wholesale Club Holdings, Inc."
BJRI,"BJ's Restaurants, Inc."
BK,The Bank of New York Mellon Corporation
BKD,Brookdale Senior Living Inc.
BKE,"The Buckle, Inc."
BKH,Black Hills Corporation
BKI,"Black Knight, Inc."
BKNG,Booking Holdings Inc.
BKR,Baker Hughes Company
BKU,"BankUnited, Inc."
BL,"BlackLine, Inc."
BLBD,Blue Bird Corporation
BLD,TopBuild Corp.
BLDR,"Builders FirstSource, Inc."
BLFS,"BioLife Solutions, Inc."
BLK,"BlackRock, Inc."
BLKB,"Blackbaud, Inc."
BLL,Ball Corporation
BLMN,"Bloomin' Brands, Inc."
BLUE,"bluebird bio, Inc."
BLX,"Banco Latinoamericano de Comercio Exterior, S.A"
BMCH,"BMC Stock Holdings, Inc."
BMI,"Badger Meter, Inc."
BMRC,Bank of Marin Bancorp
BMRN,BioMarin Pharmaceutical Inc.
BMTC,Bryn Mawr Bank Corporation
BMY,Bristol-Myers Squibb Company
BNED,"Barnes & Noble Education, Inc."
BNFT,"Benefitfocus, Inc."
BOCH,Bank of Commerce Holdings
BOH,Bank of Hawaii Corporation
BOKF,BOK Financial Corporation
BOMN,Boston Omaha Corporation
BOOM,DMC Global Inc.
BOOT,"Boot Barn Holdings, Inc."
BOX,"Box, Inc."
BPFH,"Boston Private Financial Holdings, Inc."
BPMC,Blueprint Medicines Corporation
BPOP,"Popular, Inc."
BPRN,The Bank of Princeton
BPYU,Brookfield Property REIT Inc.
BR,"Broadridge Financial Solutions, Inc."
BRBR,"BellRing Brands, Inc."
BRC,Brady Corporation
BREW,"Craft Brew Alliance, Inc."
BRG,"Bluerock Residential Growth REIT, Inc."
BRID,Bridgford Foods Corporation
BRK-B,Berkshire Hathaway Inc.
BRKL,"Brookline Bancorp, Inc."
BRKR,Bruker Corporation
BRKS,"Brooks Automation, Inc."
BRO,"Brown & Brown, Inc."
BRP,"BRP Group, Inc."
BRT,BRT Apartments Corp.
BRX,Brixmor Property Group Inc.
BRY,Berry Corporation
BSET,"Bassett Furniture Industries, Incorporated"
BSGM,"BioSig Technologies, Inc."
BSIG,BrightSphere Investment Group Inc.
BSRR,Sierra Bancorp
BSTC,BioSpecifics Technologies Corp.
BSVN,Bank7 Corp.
BSX,Boston Scientific Corporation
BTAI,"BioXcel Therapeutics, Inc."
BTU,Peabody Energy Corporation
BURL,"Burlington Stores, Inc."
BUSE,First Busey Corporation
BV,"BrightView Holdings, Inc."
BWA,BorgWarner Inc.
BWB,"Bridgewater Bancshares, Inc."
BWFG,"Bankwell Financial Group, Inc."
BWXT,"BWX Technologies, Inc."
BXC,BlueLinx Holdings Inc.
BXG,Bluegreen Vacations Corporation
BXMT,"Blackstone Mortgage Trust, Inc."
BXP,"Boston Properties, Inc."
BXRX,"Baudax Bio, Inc."
BXS,BancorpSouth Bank
BY,"Byline Bancorp, Inc."
BYD,Boyd Gaming Corporation
BYND,"Beyond Meat, Inc."
BYSI,BeyondSpring Inc.
BZH,"Beazer Homes USA, Inc."
C,Citigroup Inc.
CABA,"Cabaletta Bio, Inc."
CABO,"Cable One, Inc."
CAC,Camden National Corporation
CACC,Credit Acceptance Corporation
CACI,CACI International Inc
CADE,Cadence Bancorporation
CAG,"Conagra Brands, Inc."
CAH,"Cardinal Health, Inc."
CAI,"CAI International, Inc."
CAKE,The Cheesecake Factory Incorporated
CAL,"Caleres, Inc."
CALA,"Calithera Biosciences, Inc."
CALM,"Cal-Maine Foods, Inc."
CALX,"Calix, Inc."
CAMP,CalAmp Corp.
CAR,"Avis Budget Group, Inc."
CARA,"Cara Therapeutics, Inc."
CARE,Carter Bank & Trust
CARG,"CarGurus, Inc."
CARR,Carrier Global Corporation
CARS,"Cars.com, LLC"
CASA,"Casa Systems, Inc."
CASH,"Meta Financial Group, Inc."
CASI,"CASI Pharmaceuticals, Inc."
CASS,"Cass Information Systems, Inc."
CASY,"Casey's General Stores, Inc."
CAT,Caterpillar Inc.
CATC,Cambridge Bancorp
CATM,Cardtronics plc
CATO,The Cato Corporation
CATS,
CATY,Cathay General Bancorp
CB,Chubb Limited
CBAN,"Colony Bankcorp, Inc."
CBAY,"CymaBay Therapeutics, Inc."
CBB,Cincinnati Bell Inc.
CBL,"CBL & Associates Properties, Inc."
CBMG,"Cellular Biomedicine Group, Inc."
CBNK,"Capital Bancorp, Inc."
CBOE,"Cboe Global Markets, Inc."
CBRE,"CBRE Group, Inc."
CBRL,"Cracker Barrel Old Country Store, Inc."
CBSH,"Commerce Bancshares, Inc."
CBT,Cabot Corporation
CBTX,"CBTX, Inc."
CBU,"Community Bank System, Inc."
CBZ,"CBIZ, Inc."
CC,The Chemours Company
CCB,Coastal Financial Corporation
CCBG,"Capital City Bank Group, Inc."
CCF,Chase Corporation
CCI,Crown Castle International Corp. (REIT)
CCK,"Crown Holdings, Inc."
CCL,Carnival Corporation & Plc
CCMP,"CMC Materials, Inc."
CCNE,CNB Financial Corporation
CCO,"Clear Channel Outdoor Holdings, Inc."
CCOI,"Cogent Communications Holdings, Inc."
CCRN,"Cross Country Healthcare, Inc."
CCS,"Century Communities, Inc."
CCXI,"ChemoCentryx, Inc."
CDAY,Ceridian HCM Holding Inc.
CDE,"Coeur Mining, Inc."
CDEV,"Centennial Resource Development, Inc."
CDK,"CDK Global, Inc."
CDLX,"Cardlytics, Inc."
CDMO,"Avid Bioservices, Inc."
CDNA,"CareDx, Inc"
CDNS,"Cadence Design Systems, Inc."
CDR,"Cedar Realty Trust, Inc."
CDW,CDW Corporation
CDXC,ChromaDex Corporation
CDXS,"Codexis, Inc."
CDZI,Cadiz Inc.
CE,Celanese Corporation
CECE,CECO Environmental Corp.
CEIX,CONSOL Energy Inc.
CELC,Celcuity Inc.
CELH,"Celsius Holdings, Inc."
CENT,Central Garden & Pet Company
CENTA,Central Garden & Pet Company
CENX,Century Aluminum Company
CERC,Cerecor Inc.
CERN,Cerner Corporation
CERS,Cerus Corporation
CETV,
CEVA,"CEVA, Inc."
CF,"CF Industries Holdings, Inc."
CFB,"CrossFirst Bankshares, Inc."
CFFI,C&F Financial Corporation
CFFN,"Capitol Federal Financial, Inc."
CFG,"Citizens Financial Group, Inc."
CFMS,"Conformis, Inc."
CFR,"Cullen/Frost Bankers, Inc."
CFX,Colfax Corporation
CGNX,Cognex Corporation
CHAP,"Chaparral Energy, Inc."
CHCO,City Holding Company
CHCT,Community Healthcare Trust Incorporated
CHD,"Church & Dwight Co., Inc."
CHDN,Churchill Downs Incorporated
CHE,Chemed Corporation
CHEF,"The Chefs' Warehouse, Inc."
CHGG,"Chegg, Inc."
CHH,"Choice Hotels International, Inc."
CHK,
CHMA,"Chiasma, Inc."
CHMG,Chemung Financial Corporation
CHMI,Cherry Hill Mortgage Investment Corporation
CHNG,Change Healthcare Inc.
CHRA,"Charah Solutions, Inc."
CHRS,"Coherus BioSciences, Inc."
CHRW,"C.H. Robinson Worldwide, Inc."
CHS,"Chico's FAS, Inc."
CHTR,"Charter Communications, Inc."
CHUY,"Chuy's Holdings, Inc."
CI,Cigna Corporation
CIA,"Citizens, Inc."
CIEN,Ciena Corporation
CIM,Chimera Investment Corporation
CINF,Cincinnati Financial Corporation
CIO,"City Office REIT, Inc."
CIR,"CIRCOR International, Inc."
CIT,CIT Group Inc.
CIVB,"Civista Bancshares, Inc."
CIX,CompX International Inc.
CKH,Seacor Holdings Inc.
CKPT,"Checkpoint Therapeutics, Inc."
CL,Colgate-Palmolive Company
CLAR,Clarus Corporation
CLBK,"Columbia Financial, Inc."
CLCT,"Collectors Universe, Inc."
CLDR,"Cloudera, Inc."
CLDT,Chatham Lodging Trust
CLF,Cleveland-Cliffs Inc.
CLFD,"Clearfield, Inc."
CLGX,"CoreLogic, Inc."
CLH,"Clean Harbors, Inc."
CLI,Mack-Cali Realty Corporation
CLNC,"Colony Credit Real Estate, Inc."
CLNE,Clean Energy Fuels Corp.
CLNY,"Colony Capital, Inc."
CLPR,Clipper Realty Inc.
CLR,"Continental Resources, Inc."
CLVS,"Clovis Oncology, Inc."
CLW,Clearwater Paper Corporation
CLX,The Clorox Company
CLXT,"Calyxt, Inc."
CMA,Comerica Incorporated
CMBM,Cambium Networks Corporation
CMC,Commercial Metals Company
CMCO,Columbus McKinnon Corporation
CMCSA,Comcast Corporation
CMCT,CIM Commercial Trust Corporation
CMD,Cantel Medical Corp.
CME,CME Group Inc.
CMG,"Chipotle Mexican Grill, Inc."
CMI,Cummins Inc.
CMLS,Cumulus Media Inc.
CMO,Capstead Mortgage Corporation
CMP,"Compass Minerals International, Inc."
CMPR,Cimpress plc
CMRE,Costamare Inc.
CMRX,"Chimerix, Inc."
CMS,CMS Energy Corporation
CMTL,Comtech Telecommunications Corp.
CNA,CNA Financial Corporation
CNBKA,"Century Bancorp, Inc."
CNC,Centene Corporation
CNCE,"Concert Pharmaceuticals, Inc."
CNDT,Conduent Incorporated
CNK,"Cinemark Holdings, Inc."
CNMD,CONMED Corporation
CNNE,"Cannae Holdings, Inc."
CNO,"CNO Financial Group, Inc."
CNOB,"ConnectOne Bancorp, Inc."
CNP,"CenterPoint Energy, Inc."
CNR,"Cornerstone Building Brands, Inc."
CNS,"Cohen & Steers, Inc."
CNSL,"Consolidated Communications Holdings, Inc."
CNST,"Constellation Pharmaceuticals, Inc."
CNTG,Centogene N.V.
CNTY,"Century Casinos, Inc."
CNX,CNX Resources Corporation
CNXN,"PC Connection, Inc."
CODA,"Coda Octopus Group, Inc."
COF,Capital One Financial Corporation
COG,Cabot Oil & Gas Corporation
COHR,"Coherent, Inc."
COHU,"Cohu, Inc."
COKE,"Coca-Cola Consolidated, Inc."
COLB,"Columbia Banking System, Inc."
COLD,Americold Realty Trust
COLL,"Collegium Pharmaceutical, Inc."
COLM,Columbia Sportswear Company
COMM,"CommScope Holding Company, Inc."
CONE,CyrusOne Inc.
CONN,"Conn's, Inc."
COO,"The Cooper Companies, Inc."
COOP,Mr. Cooper Group Inc.
COP,ConocoPhillips
COR,CoreSite Realty Corporation
CORE,"Core-Mark Holding Company, Inc."
CORR,"CorEnergy Infrastructure Trust, Inc."
CORT,Corcept Therapeutics Incorporated
COST,Costco Wholesale Corporation
COTY,Coty Inc.
COUP,Coupa Software Incorporated
COWN,Cowen Inc.
CPA,"Copa Holdings, S.A."
CPB,Campbell Soup Company
CPE,Callon Petroleum Company
CPF,Central Pacific Financial Corp.
CPK,Chesapeake Utilities Corporation
CPLG,CorePoint Lodging Inc.
CPRI,Capri Holdings Limited
CPRT,"Copart, Inc."
CPRX,"Catalyst Pharmaceuticals, Inc."
CPS,Cooper-Standard Holdings Inc.
CPSI,"Computer Programs and Systems, Inc."
CPT,Camden Property Trust
CR,Crane Co.
CRAI,"CRA International, Inc."
CRBP,"Corbus Pharmaceuticals Holdings, Inc."
CRC,
CRD-A,Crawford & Company
CREE,"Cree, Inc."
CRI,"Carter's, Inc."
CRK,"Comstock Resources, Inc."
CRL,"Charles River Laboratories International, Inc."
CRM,"salesforce.com, inc."
CRMD,CorMedix Inc.
CRMT,"America's Car-Mart, Inc."
CRNC,Cerence Inc.
CRNX,"Crinetics Pharmaceuticals, Inc."
CROX,"Crocs, Inc."
CRS,Carpenter Technology Corporation
CRTX,"Cortexyme, Inc."
CRUS,"Cirrus Logic, Inc."
CRVL,CorVel Corporation
CRY,"CryoLife, Inc."
CSCO,"Cisco Systems, Inc."
CSFL,
CSGP,"CoStar Group, Inc."
CSGS,"CSG Systems International, Inc."
CSII,"Cardiovascular Systems, Inc."
CSL,Carlisle Companies Incorporated
CSLT,"Castlight Health, Inc."
CSOD,"Cornerstone OnDemand, Inc."
CSPR,Casper Sleep Inc.
CSTE,Caesarstone Ltd.
CSTL,"Castle Biosciences, Inc."
CSTR,"Capstar Financial Holdings, Inc."
CSV,"Carriage Services, Inc."
CSWI,"CSW Industrials, Inc."
CSX,CSX Corporation
CTAS,Cintas Corporation
CTB,Cooper Tire & Rubber Company
CTBI,"Community Trust Bancorp, Inc."
CTL,
CTLT,"Catalent, Inc."
CTMX,"CytomX Therapeutics, Inc."
CTO,"CTO Realty Growth, Inc."
CTRA,"Contura Energy, Inc."
CTRC,
CTRE,"CareTrust REIT, Inc."
CTRN,"Citi Trends, Inc."
CTS,CTS Corporation
CTSH,Cognizant Technology Solutions Corporation
CTSO,Cytosorbents Corporation
CTT,"CatchMark Timber Trust, Inc."
CTVA,"Corteva, Inc."
CTXS,"Citrix Systems, Inc."
CUB,Cubic Corporation
CUBE,CubeSmart
CUBI,"Customers Bancorp, Inc."
CUE,"Cue Biopharma, Inc."
CULP,"Culp, Inc."
CURO,CURO Group Holdings Corp.
CUTR,"Cutera, Inc."
CUZ,Cousins Properties Incorporated
CVA,Covanta Holding Corporation
CVBF,CVB Financial Corp.
CVCO,"Cavco Industries, Inc."
CVCY,Central Valley Community Bancorp
CVET,"Covetrus, Inc."
CVGI,"Commercial Vehicle Group, Inc."
CVGW,"Calavo Growers, Inc."
CVI,"CVR Energy, Inc."
CVIA,Covia Holdings Corporation
CVLT,"Commvault Systems, Inc."
CVLY,"Codorus Valley Bancorp, Inc."
CVM,CEL-SCI Corporation
CVNA,Carvana Co.
CVS,CVS Health Corporation
CVTI,"Covenant Transportation Group, Inc."
CVX,Chevron Corporation
CW,Curtiss-Wright Corporation
CWCO,Consolidated Water Co. Ltd.
CWEN,"Clearway Energy, Inc."
CWEN-A,"Clearway Energy, Inc."
CWH,"Camping World Holdings, Inc."
CWK,Cushman & Wakefield plc
CWST,"Casella Waste Systems, Inc."
CWT,California Water Service Group
CXO,Concho Resources Inc.
CXP,"Columbia Property Trust, Inc."
CXW,"CoreCivic, Inc."
CYCN,"Cyclerion Therapeutics, Inc."
CYH,"Community Health Systems, Inc."
CYRX,"Cryoport, Inc."
CYTK,"Cytokinetics, Incorporated"
CZNC,Citizens & Northern Corporation
CZR,"Caesars Entertainment, Inc."
D,"Dominion Energy, Inc."
DAKT,"Daktronics, Inc."
DAL,"Delta Air Lines, Inc."
DAN,Dana Incorporated
DAR,Darling Ingredients Inc.
DBD,"Diebold Nixdorf, Incorporated"
DBI,Designer Brands Inc.
DBX,"Dropbox, Inc."
DCI,"Donaldson Company, Inc."
DCO,Ducommun Incorporated
DCOM,"Dime Community Bancshares, Inc."
DCPH,"Deciphera Pharmaceuticals, Inc."
DD,"DuPont de Nemours, Inc."
DDD,3D Systems Corporation
DDS,"Dillard's, Inc."
DE,Deere & Company
DEA,"Easterly Government Properties, Inc."
DECK,Deckers Outdoor Corporation
DEI,"Douglas Emmett, Inc."
DELL,Dell Technologies Inc.
DENN,Denny's Corporation
DFIN,"Donnelley Financial Solutions, Inc."
DFS,Discover Financial Services
DG,Dollar General Corporation
DGICA,Donegal Group Inc.
DGII,Digi International Inc.
DGX,Quest Diagnostics Incorporated
DHC,Diversified Healthcare Trust
DHI,"D.R. Horton, Inc."
DHIL,"Diamond Hill Investment Group, Inc."
DHR,Danaher Corporation
DHT,"DHT Holdings, Inc."
DHX,"DHI Group, Inc."
DIN,"Dine Brands Global, Inc."
DIOD,Diodes Incorporated
DIS,The Walt Disney Company
DISCA,"Discovery, Inc."
DISCK,"Discovery, Inc."
DISH,DISH Network Corporation
DJCO,Daily Journal Corporation
DK,"Delek US Holdings, Inc."
DKS,"DICK'S Sporting Goods, Inc."
DLA,"Delta Apparel, Inc."
DLB,"Dolby Laboratories, Inc."
DLR,"Digital Realty Trust, Inc."
DLTH,Duluth Holdings Inc.
DLTR,"Dollar Tree, Inc."
DLX,Deluxe Corporation
DMRC,Digimarc Corporation
DNKN,"Dunkin' Brands Group, Inc."
DNLI,Denali Therapeutics Inc.
DNOW,NOW Inc.
DNR,
DOC,Physicians Realty Trust
DOCU,"DocuSign, Inc."
DOMO,"Domo, Inc."
DOOR,Masonite International Corporation
DORM,"Dorman Products, Inc."
DOV,Dover Corporation
DOW,Dow Inc.
DOX,Amdocs Limited
DPZ,"Domino's Pizza, Inc."
DRE,Duke Realty Corporation
DRH,DiamondRock Hospitality Company
DRI,"Darden Restaurants, Inc."
DRNA,"Dicerna Pharmaceuticals, Inc."
DRQ,"Dril-Quip, Inc."
DS,Drive Shack Inc.
DSKE,"Daseke, Inc."
DSPG,"DSP Group, Inc."
DSSI,Diamond S Shipping Inc.
DT,"Dynatrace, Inc."
DTE,DTE Energy Company
DTIL,"Precision BioSciences, Inc."
DUK,Duke Energy Corporation
DVA,DaVita Inc.
DVAX,Dynavax Technologies Corporation
DVN,Devon Energy Corporation
DX,"Dynex Capital, Inc."
DXC,DXC Technology Company
DXCM,"DexCom, Inc."
DXPE,"DXP Enterprises, Inc."
DY,"Dycom Industries, Inc."
DZSI,"DASAN Zhone Solutions, Inc."
EA,Electronic Arts Inc.
EAF,GrafTech International Ltd.
EAT,"Brinker International, Inc."
EB,"Eventbrite, Inc."
EBAY,eBay Inc.
EBF,"Ennis, Inc."
EBIX,"Ebix, Inc."
EBS,Emergent BioSolutions Inc.
EBSB,"Meridian Bancorp, Inc."
EBTC,"Enterprise Bancorp, Inc."
ECHO,"Echo Global Logistics, Inc."
ECL,Ecolab Inc.
ECOL,"US Ecology, Inc."
ECOM,ChannelAdvisor Corporation
ECOR,"electroCore, Inc."
ECPG,"Encore Capital Group, Inc."
ED,"Consolidated Edison, Inc."
EDIT,"Editas Medicine, Inc."
EE,El Paso Electric Company
EEFT,"Euronet Worldwide, Inc."
EEX,"Emerald Holding, Inc."
EFC,Ellington Financial Inc.
EFSC,Enterprise Financial Services Corp
EFX,Equifax Inc.
EGAN,eGain Corporation
EGBN,"Eagle Bancorp, Inc."
EGHT,"8x8, Inc."
EGLE,Eagle Bulk Shipping Inc.
EGOV,NIC Inc.
EGP,"EastGroup Properties, Inc."
EGRX,"Eagle Pharmaceuticals, Inc."
EHC,Encompass Health Corporation
EHTH,"eHealth, Inc."
EIDX,"Eidos Therapeutics, Inc."
EIG,"Employers Holdings, Inc."
EIGI,"Endurance International Group Holdings, Inc."
EIGR,"Eiger BioPharmaceuticals, Inc."
EIX,Edison International
EL,The Est√©e Lauder Companies Inc.
ELAN,Elanco Animal Health Incorporated
ELF,"e.l.f. Beauty, Inc."
ELOX,"Eloxx Pharmaceuticals, Inc."
ELS,"Equity LifeStyle Properties, Inc."
ELVT,"Elevate Credit, Inc."
ELY,Callaway Golf Company
EME,"EMCOR Group, Inc."
EML,The Eastern Company
EMN,Eastman Chemical Company
EMR,Emerson Electric Co.
ENDP,Endo International plc
ENOB,"Enochian Biosciences, Inc."
ENPH,"Enphase Energy, Inc."
ENR,"Energizer Holdings, Inc."
ENS,EnerSys
ENSG,"The Ensign Group, Inc."
ENTA,"Enanta Pharmaceuticals, Inc."
ENTG,"Entegris, Inc."
ENV,"Envestnet, Inc."
ENVA,"Enova International, Inc."
ENZ,"Enzo Biochem, Inc."
EOG,"EOG Resources, Inc."
EOLS,"Evolus, Inc."
EPAC,Enerpac Tool Group Corp.
EPAM,"EPAM Systems, Inc."
EPAY,"Bottomline Technologies (de), Inc."
EPC,Edgewell Personal Care Company
EPM,Evolution Petroleum Corporation
EPR,EPR Properties
EPRT,"Essential Properties Realty Trust, Inc."
EPZM,"Epizyme, Inc."
EQBK,"Equity Bancshares, Inc."
EQC,Equity Commonwealth
EQH,"Equitable Holdings, Inc."
EQIX,"Equinix, Inc. (REIT)"
EQR,Equity Residential
EQT,EQT Corporation
ERA,
ERI,
ERIE,Erie Indemnity Company
ERII,"Energy Recovery, Inc."
EROS,Eros STX Global Corporation
ES,Eversource Energy
ESCA,"Escalade, Incorporated"
ESE,ESCO Technologies Inc.
ESGR,Enstar Group Limited
ESI,
ESNT,Essent Group Ltd.
ESPR,"Esperion Therapeutics, Inc."
ESQ,"Esquire Financial Holdings, Inc."
ESRT,"Empire State Realty Trust, Inc."
ESS,"Essex Property Trust, Inc."
ESSA,"ESSA Bancorp, Inc."
ESTC,Elastic N.V.
ESTE,"Earthstone Energy, Inc."
ESXB,Community Bankers Trust Corporation
ETFC,
ETH,Ethan Allen Interiors Inc.
ETM,Entercom Communications Corp.
ETN,Eaton Corporation plc
ETNB,"89bio, Inc."
ETR,Entergy Corporation
ETRN,Equitrans Midstream Corporation
ETSY,"Etsy, Inc."
EV,Eaton Vance Corp.
EVBG,"Everbridge, Inc."
EVBN,"Evans Bancorp, Inc."
EVC,Entravision Communications Corporation
EVER,"EverQuote, Inc."
EVFM,"Evofem Biosciences, Inc."
EVH,"Evolent Health, Inc."
EVI,"EVI Industries, Inc."
EVLO,"Evelo Biosciences, Inc."
EVOP,"EVO Payments, Inc."
EVR,Evercore Inc.
EVRG,"Evergy, Inc."
EVRI,Everi Holdings Inc.
EVTC,"EVERTEC, Inc."
EW,Edwards Lifesciences Corporation
EWBC,"East West Bancorp, Inc."
EXAS,Exact Sciences Corporation
EXC,Exelon Corporation
EXEL,"Exelixis, Inc."
EXLS,"ExlService Holdings, Inc."
EXP,Eagle Materials Inc.
EXPD,"Expeditors International of Washington, Inc."
EXPE,"Expedia Group, Inc."
EXPI,"eXp World Holdings, Inc."
EXPO,"Exponent, Inc."
EXPR,"Express, Inc."
EXR,Extra Space Storage Inc.
EXTN,Exterran Corporation
EXTR,"Extreme Networks, Inc."
EYE,"National Vision Holdings, Inc."
EYPT,"EyePoint Pharmaceuticals, Inc."
EZPW,"EZCORP, Inc."
F,Ford Motor Company
FAF,First American Financial Corporation
FANG,"Diamondback Energy, Inc."
FARM,Farmer Bros. Co.
FARO,"FARO Technologies, Inc."
FAST,Fastenal Company
FATE,"Fate Therapeutics, Inc."
FB,"Facebook, Inc."
FBC,"Flagstar Bancorp, Inc."
FBHS,"Fortune Brands Home & Security, Inc."
FBIZ,"First Business Financial Services, Inc."
FBK,FB Financial Corporation
FBM,"Foundation Building Materials, Inc."
FBMS,"The First Bancshares, Inc."
FBNC,First Bancorp
FBP,First BanCorp.
FC,Franklin Covey Co.
FCAP,"First Capital, Inc."
FCBC,"First Community Bankshares, Inc."
FCBP,First Choice Bancorp
FCCY,1st Constitution Bancorp
FCF,First Commonwealth Financial Corporation
FCFS,"FirstCash, Inc."
FCN,"FTI Consulting, Inc."
FCNCA,"First Citizens BancShares, Inc."
FCPT,"Four Corners Property Trust, Inc."
FCX,Freeport-McMoRan Inc.
FDBC,"Fidelity D & D Bancorp, Inc."
FDEF,
FDP,Fresh Del Monte Produce Inc.
FDS,FactSet Research Systems Inc.
FDX,FedEx Corporation
FE,FirstEnergy Corp.
FELE,"Franklin Electric Co., Inc."
FET,"Forum Energy Technologies, Inc."
FEYE,"FireEye, Inc."
FF,FutureFuel Corp.
FFBC,First Financial Bancorp.
FFG,"FBL Financial Group, Inc."
FFIC,Flushing Financial Corporation
FFIN,"First Financial Bankshares, Inc."
FFIV,"F5 Networks, Inc."
FFNW,"First Financial Northwest, Inc."
FFWM,First Foundation Inc.
FG,
FGBI,"First Guaranty Bancshares, Inc."
FGEN,"FibroGen, Inc."
FHB,"First Hawaiian, Inc."
FHI,"Federated Hermes, Inc."
FHN,First Horizon National Corporation
FI,Frank's International N.V.
FIBK,"First Interstate BancSystem, Inc."
FICO,Fair Isaac Corporation
FIS,"Fidelity National Information Services, Inc."
FISI,"Financial Institutions, Inc."
FISV,"Fiserv, Inc."
FIT,"Fitbit, Inc."
FITB,Fifth Third Bancorp
FIVE,"Five Below, Inc."
FIVN,"Five9, Inc."
FIX,"Comfort Systems USA, Inc."
FIXX,"Homology Medicines, Inc."
FIZZ,National Beverage Corp.
FL,"Foot Locker, Inc."
FLDM,Fluidigm Corporation
FLIC,The First of Long Island Corporation
FLIR,"FLIR Systems, Inc."
FLMN,Falcon Minerals Corporation
FLNT,"Fluent, Inc."
FLO,"Flowers Foods, Inc."
FLOW,"SPX FLOW, Inc."
FLR,Fluor Corporation
FLS,Flowserve Corporation
FLT,"FLEETCOR Technologies, Inc."
FLWS,"1-800-FLOWERS.COM, Inc."
FLXN,"Flexion Therapeutics, Inc."
FLXS,"Flexsteel Industries, Inc."
FMAO,"Farmers & Merchants Bancorp, Inc."
FMBH,"First Mid Bancshares, Inc."
FMBI,"First Midwest Bancorp, Inc."
FMC,FMC Corporation
FMNB,Farmers National Banc Corp.
FN,Fabrinet
FNB,F.N.B. Corporation
FNCB,"FNCB Bancorp, Inc."
FND,"Floor & Decor Holdings, Inc."
FNF,"Fidelity National Financial, Inc."
FNHC,FedNat Holding Company
FNKO,"Funko, Inc."
FNLC,"The First Bancorp, Inc."
FNWB,First Northwest Bancorp
FOCS,Focus Financial Partners Inc.
FOE,Ferro Corporation
FOLD,"Amicus Therapeutics, Inc."
FOR,Forestar Group Inc.
FORM,"FormFactor, Inc."
FORR,"Forrester Research, Inc."
FOSL,"Fossil Group, Inc."
FOX,Fox Corporation
FOXA,Fox Corporation
FOXF,Fox Factory Holding Corp.
FPI,Farmland Partners Inc.
FPRX,"Five Prime Therapeutics, Inc."
FR,"First Industrial Realty Trust, Inc."
FRAF,Franklin Financial Services Corporation
FRBA,First Bank
FRBK,"Republic First Bancorp, Inc."
FRC,First Republic Bank
FREQ,"Frequency Therapeutics, Inc."
FRGI,"Fiesta Restaurant Group, Inc."
FRME,First Merchants Corporation
FRPH,"FRP Holdings, Inc."
FRPT,"Freshpet, Inc."
FRT,Federal Realty Investment Trust
FRTA,"Forterra, Inc."
FSB,"Franklin Financial Network, Inc."
FSBW,"FS Bancorp, Inc."
FSCT,"Forescout Technologies, Inc."
FSLR,"First Solar, Inc."
FSP,Franklin Street Properties Corp.
FSS,Federal Signal Corporation
FSTR,L.B. Foster Company
FTDR,"frontdoor, inc."
FTK,"Flotek Industries, Inc."
FTNT,"Fortinet, Inc."
FTSI,"FTS International, Inc."
FTV,Fortive Corporation
FUL,H.B. Fuller Company
FULC,"Fulcrum Therapeutics, Inc."
FULT,Fulton Financial Corporation
FVCB,"FVCBankcorp, Inc."
FWONA,Formula One Group
FWONK,Formula One Group
FWRD,Forward Air Corporation
G,Genpact Limited
GABC,"German American Bancorp, Inc."
GAIA,"Gaia, Inc."
GALT,"Galectin Therapeutics, Inc."
GATX,GATX Corporation
GBCI,"Glacier Bancorp, Inc."
GBL,"GAMCO Investors, Inc."
GBLI,"Global Indemnity Group, LLC"
GBT,"Global Blood Therapeutics, Inc."
GBX,"The Greenbrier Companies, Inc."
GCAP,"GAIN Capital Holdings, Inc."
GCBC,"Greene County Bancorp, Inc."
GCI,Gannett Media Corp.
GCO,Genesco Inc.
GCP,GCP Applied Technologies Inc.
GD,General Dynamics Corporation
GDDY,GoDaddy Inc.
GDEN,"Golden Entertainment, Inc."
GDOT,Green Dot Corporation
GDP,Goodrich Petroleum Corporation
GE,General Electric Company
GEF,"Greif, Inc."
GEF-B,"Greif, Inc."
GEN,"Genesis Healthcare, Inc."
GENC,"Gencor Industries, Inc."
GEO,"The GEO Group, Inc."
GEOS,Geospace Technologies Corporation
GERN,Geron Corporation
GES,"Guess', Inc."
GFF,Griffon Corporation
GFN,General Finance Corporation
GGG,Graco Inc.
GH,"Guardant Health, Inc."
GHC,Graham Holdings Company
GHL,"Greenhill & Co., Inc."
GHM,Graham Corporation
GIII,"G-III Apparel Group, Ltd."
GILD,"Gilead Sciences, Inc."
GIS,"General Mills, Inc."
GKOS,Glaukos Corporation
GL,Globe Life Inc.
GLDD,Great Lakes Dredge & Dock Corporation
GLIBA,"GCI Liberty, Inc."
GLNG,Golar LNG Limited
GLOG,GasLog Ltd.
GLPI,"Gaming and Leisure Properties, Inc."
GLRE,"Greenlight Capital Re, Ltd."
GLT,Glatfelter Corporation
GLUU,Glu Mobile Inc.
GLW,Corning Incorporated
GLYC,"GlycoMimetics, Inc."
GM,General Motors Company
GME,GameStop Corp.
GMED,"Globus Medical, Inc."
GMRE,Global Medical REIT Inc.
GMS,GMS Inc.
GNC,"GNC Holdings, Inc."
GNE,Genie Energy Ltd.
GNK,Genco Shipping & Trading Limited
GNL,"Global Net Lease, Inc."
GNLN,"Greenlane Holdings, Inc."
GNMK,"GenMark Diagnostics, Inc."
GNRC,Generac Holdings Inc.
GNTX,Gentex Corporation
GNTY,"Guaranty Bancshares, Inc."
GNW,"Genworth Financial, Inc."
GO,Grocery Outlet Holding Corp.
GOGO,Gogo Inc.
GOLF,Acushnet Holdings Corp.
GOOD,Gladstone Commercial Corporation
GOOG,Alphabet Inc.
GOOGL,Alphabet Inc.
GORO,Gold Resource Corporation
GOSS,"Gossamer Bio, Inc."
GPC,Genuine Parts Company
GPI,"Group 1 Automotive, Inc."
GPK,Graphic Packaging Holding Company
GPMT,Granite Point Mortgage Trust Inc.
GPN,Global Payments Inc.
GPOR,Gulfport Energy Corporation
GPRE,Green Plains Inc.
GPRO,"GoPro, Inc."
GPS,"The Gap, Inc."
GPX,GP Strategies Corporation
GRA,W. R. Grace & Co.
GRBK,"Green Brick Partners, Inc."
GRC,The Gorman-Rupp Company
GRIF,"Griffin Industrial Realty, Inc."
GRMN,Garmin Ltd.
GRPN,"Groupon, Inc."
GRTS,"Gritstone Oncology, Inc."
GRTX,"Galera Therapeutics, Inc."
GRUB,Grubhub Inc.
GS,"The Goldman Sachs Group, Inc."
GSBC,"Great Southern Bancorp, Inc."
GSHD,"Goosehead Insurance, Inc"
GSIT,"GSI Technology, Inc."
GT,The Goodyear Tire & Rubber Company
GTES,Gates Industrial Corporation plc
GTHX,"G1 Therapeutics, Inc."
GTLS,"Chart Industries, Inc."
GTN,"Gray Television, Inc."
GTS,Triple-S Management Corporation
GTT,"GTT Communications, Inc."
GTY,Getty Realty Corp.
GTYH,GTY Technology Holdings Inc.
GVA,Granite Construction Incorporated
GWB,"Great Western Bancorp, Inc."
GWGH,"GWG Holdings, Inc."
GWRE,"Guidewire Software, Inc."
GWRS,"Global Water Resources, Inc."
GWW,"W.W. Grainger, Inc."
H,Hyatt Hotels Corporation
HA,"Hawaiian Holdings, Inc."
HAE,Haemonetics Corporation
HAFC,Hanmi Financial Corporation
HAIN,"The Hain Celestial Group, Inc."
HAL,Halliburton Company
HALL,"Hallmark Financial Services, Inc."
HALO,"Halozyme Therapeutics, Inc."
HARP,"Harpoon Therapeutics, Inc."
HAS,"Hasbro, Inc."
HASI,"Hannon Armstrong Sustainable Infrastructure Capital, Inc."
HAYN,"Haynes International, Inc."
HBAN,Huntington Bancshares Incorporated
HBB,Hamilton Beach Brands Holding Company
HBCP,"Home Bancorp, Inc."
HBI,Hanesbrands Inc.
HBMD,"Howard Bancorp, Inc."
HBNC,"Horizon Bancorp, Inc."
HBT,"HBT Financial, Inc."
HCA,"HCA Healthcare, Inc."
HCAT,"Health Catalyst, Inc."
HCC,"Warrior Met Coal, Inc."
HCCI,"Heritage-Crystal Clean, Inc"
HCI,"HCI Group, Inc."
HCKT,"The Hackett Group, Inc."
HCSG,"Healthcare Services Group, Inc."
HD,"The Home Depot, Inc."
HDS,"HD Supply Holdings, Inc."
HE,"Hawaiian Electric Industries, Inc."
HEES,"H&E Equipment Services, Inc."
HEI,HEICO Corporation
HEI-A,HEICO Corporation
HELE,Helen of Troy Limited
HES,Hess Corporation
HFC,HollyFrontier Corporation
HFFG,HF Foods Group Inc.
HFWA,Heritage Financial Corporation
HGV,Hilton Grand Vacations Inc.
HHC,The Howard Hughes Corporation
HI,"Hillenbrand, Inc."
HIBB,"Hibbett Sports, Inc."
HIFS,Hingham Institution for Savings
HIG,"The Hartford Financial Services Group, Inc."
HII,"Huntington Ingalls Industries, Inc."
HIW,"Highwoods Properties, Inc."
HL,Hecla Mining Company
HLF,Herbalife Nutrition Ltd.
HLI,"Houlihan Lokey, Inc."
HLIO,"Helios Technologies, Inc."
HLIT,Harmonic Inc.
HLNE,Hamilton Lane Incorporated
HLT,Hilton Worldwide Holdings Inc.
HLX,"Helix Energy Solutions Group, Inc."
HMHC,Houghton Mifflin Harcourt Company
HMN,Horace Mann Educators Corporation
HMST,"HomeStreet, Inc."
HMSY,HMS Holdings Corp.
HMTV,"Hemisphere Media Group, Inc."
HNGR,"Hanger, Inc."
HNI,HNI Corporation
HNRG,Hallador Energy Company
HOFT,Hooker Furniture Corporation
HOG,"Harley-Davidson, Inc."
HOLX,"Hologic, Inc."
HOMB,"Home Bancshares, Inc. (Conway, AR)"
HOME,At Home Group Inc.
HON,Honeywell International Inc.
HONE,"HarborOne Bancorp, Inc."
HOOK,HOOKIPA Pharma Inc.
HOPE,"Hope Bancorp, Inc."
HP,"Helmerich & Payne, Inc."
HPE,Hewlett Packard Enterprise Company
HPP,"Hudson Pacific Properties, Inc."
HPQ,HP Inc.
HPR,HighPoint Resources Corporation
HQY,"HealthEquity, Inc."
HR,Healthcare Realty Trust Incorporated
HRB,"H&R Block, Inc."
HRC,"Hill-Rom Holdings, Inc."
HRI,Herc Holdings Inc.
HRL,Hormel Foods Corporation
HRTG,"Heritage Insurance Holdings, Inc."
HRTX,"Heron Therapeutics, Inc."
HSC,Harsco Corporation
HSIC,"Henry Schein, Inc."
HSII,"Heidrick & Struggles International, Inc."
HSKA,Heska Corporation
HST,"Host Hotels & Resorts, Inc."
HSTM,"HealthStream, Inc."
HSY,The Hershey Company
HT,Hersha Hospitality Trust
HTA,"Healthcare Trust of America, Inc."
HTBI,"HomeTrust Bancshares, Inc."
HTBK,Heritage Commerce Corp
HTH,Hilltop Holdings Inc.
HTLD,"Heartland Express, Inc."
HTLF,"Heartland Financial USA, Inc."
HTZ,"Hertz Global Holdings, Inc."
HUBB,Hubbell Incorporated
HUBG,"Hub Group, Inc."
HUBS,"HubSpot, Inc."
HUD,Hudson Ltd.
HUM,Humana Inc.
HUN,Huntsman Corporation
HURC,"Hurco Companies, Inc."
HURN,Huron Consulting Group Inc.
HVT,"Haverty Furniture Companies, Inc."
HWBK,"Hawthorn Bancshares, Inc."
HWC,Hancock Whitney Corporation
HWKN,"Hawkins, Inc."
HWM,Howmet Aerospace Inc.
HXL,Hexcel Corporation
HY,"Hyster-Yale Materials Handling, Inc."
HZNP,Horizon Therapeutics Public Limited Company
HZO,"MarineMax, Inc."
IAA,"IAA, Inc."
IAC,IAC/InterActiveCorp
IART,Integra LifeSciences Holdings Corporation
IBCP,Independent Bank Corporation
IBKC,
IBKR,"Interactive Brokers Group, Inc."
IBM,International Business Machines Corporation
IBOC,International Bancshares Corporation
IBP,"Installed Building Products, Inc."
IBTX,"Independent Bank Group, Inc."
ICD,"Independence Contract Drilling, Inc."
ICE,"Intercontinental Exchange, Inc."
ICFI,"ICF International, Inc."
ICHR,"Ichor Holdings, Ltd."
ICPT,"Intercept Pharmaceuticals, Inc."
ICUI,"ICU Medical, Inc."
IDA,"IDACORP, Inc."
IDCC,"InterDigital, Inc."
IDEX,"Ideanomics, Inc."
IDT,IDT Corporation
IDXX,"IDEXX Laboratories, Inc."
IESC,"IES Holdings, Inc."
IEX,IDEX Corporation
IFF,International Flavors & Fragrances Inc.
IGMS,"IGM Biosciences, Inc."
IGT,International Game Technology PLC
IHC,Independence Holding Company
III,"Information Services Group, Inc."
IIIN,"Insteel Industries, Inc."
IIIV,"i3 Verticals, Inc."
IIN,IntriCon Corporation
IIPR,"Innovative Industrial Properties, Inc."
IIVI,II-VI Incorporated
ILMN,"Illumina, Inc."
ILPT,Industrial Logistics Properties Trust
IMAX,IMAX Corporation
IMGN,"ImmunoGen, Inc."
IMKTA,"Ingles Markets, Incorporated"
IMMR,Immersion Corporation
IMMU,"Immunomedics, Inc."
IMXI,"International Money Express, Inc."
INBK,First Internet Bancorp
INCY,Incyte Corporation
INDB,Independent Bank Corp.
INFN,Infinera Corporation
INFO,IHS Markit Ltd.
INGN,"Inogen, Inc."
INGR,Ingredion Incorporated
INN,"Summit Hotel Properties, Inc."
INO,"Inovio Pharmaceuticals, Inc."
INOV,"Inovalon Holdings, Inc."
INS,Intelligent Systems Corporation
INSE,"Inspired Entertainment, Inc."
INSG,Inseego Corp.
INSM,Insmed Incorporated
INSP,"Inspire Medical Systems, Inc."
INSW,"International Seaways, Inc."
INT,World Fuel Services Corporation
INTC,Intel Corporation
INTL,
INTU,Intuit Inc.
INVA,"Innoviva, Inc."
INVH,Invitation Homes Inc.
INWK,"InnerWorkings, Inc."
IONS,"Ionis Pharmaceuticals, Inc."
IOSP,Innospec Inc.
IOTS,Adesto Technologies Corporation
IOVA,"Iovance Biotherapeutics, Inc."
IP,International Paper Company
IPAR,"Inter Parfums, Inc."
IPG,"The Interpublic Group of Companies, Inc."
IPGP,IPG Photonics Corporation
IPHI,Inphi Corporation
IPI,"Intrepid Potash, Inc."
IQV,IQVIA Holdings Inc.
IR,Ingersoll Rand Inc.
IRBT,iRobot Corporation
IRDM,Iridium Communications Inc.
IRET,Investors Real Estate Trust
IRM,Iron Mountain Incorporated
IRMD,IRadimed Corporation
IRT,"Independence Realty Trust, Inc."
IRTC,"iRhythm Technologies, Inc."
IRWD,"Ironwood Pharmaceuticals, Inc."
ISBC,"Investors Bancorp, Inc."
ISRG,"Intuitive Surgical, Inc."
ISTR,Investar Holding Corporation
IT,"Gartner, Inc."
ITCI,"Intra-Cellular Therapies, Inc."
ITGR,Integer Holdings Corporation
ITI,"Iteris, Inc."
ITIC,Investors Title Company
ITRI,"Itron, Inc."
ITT,ITT Inc.
ITW,Illinois Tool Works Inc.
IVC,Invacare Corporation
IVR,Invesco Mortgage Capital Inc.
IVZ,Invesco Ltd.
J,Jacobs Engineering Group Inc.
JACK,Jack in the Box Inc.
JAX,"J. Alexander's Holdings, Inc."
JAZZ,Jazz Pharmaceuticals plc
JBGS,JBG SMITH Properties
JBHT,"J.B. Hunt Transport Services, Inc."
JBL,Jabil Inc.
JBLU,JetBlue Airways Corporation
JBSS,"John B. Sanfilippo & Son, Inc."
JBT,John Bean Technologies Corporation
JCAP,"Jernigan Capital, Inc."
JCI,Johnson Controls International plc
JCOM,"J2 Global, Inc."
JEF,Jefferies Financial Group Inc.
JELD,"JELD-WEN Holding, Inc."
JHG,Janus Henderson Group plc
JILL,"J.Jill, Inc."
JJSF,J & J Snack Foods Corp.
JKHY,"Jack Henry & Associates, Inc."
JLL,Jones Lang LaSalle Incorporated
JNCE,"Jounce Therapeutics, Inc."
JNJ,Johnson & Johnson
JNPR,"Juniper Networks, Inc."
JOE,The St. Joe Company
JOUT,Johnson Outdoors Inc.
JPM,JPMorgan Chase & Co.
JRVR,"James River Group Holdings, Ltd."
JW-A,"John Wiley & Sons, Inc."
JWN,"Nordstrom, Inc."
JYNT,The Joint Corp.
K,Kellogg Company
KAI,Kadant Inc.
KALA,"Kala Pharmaceuticals, Inc."
KALU,Kaiser Aluminum Corporation
KALV,"KalVista Pharmaceuticals, Inc."
KAMN,Kaman Corporation
KAR,"KAR Auction Services, Inc."
KBAL,"Kimball International, Inc."
KBH,KB Home
KBR,"KBR, Inc."
KDMN,"Kadmon Holdings, Inc."
KDP,Keurig Dr Pepper Inc.
KE,"Kimball Electronics, Inc."
KELYA,"Kelly Services, Inc."
KEM,
KEX,Kirby Corporation
KEY,KeyCorp
KEYS,"Keysight Technologies, Inc."
KFRC,Kforce Inc.
KFY,Korn Ferry
KHC,The Kraft Heinz Company
KIDS,OrthoPediatrics Corp.
KIM,Kimco Realty Corporation
KIN,"Kindred Biosciences, Inc."
KLAC,KLA Corporation
KLDO,"Kaleido Biosciences, Inc."
KLXE,"KLX Energy Services Holdings, Inc."
KMB,Kimberly-Clark Corporation
KMI,"Kinder Morgan, Inc."
KMPR,Kemper Corporation
KMT,Kennametal Inc.
KMX,"CarMax, Inc."
KN,Knowles Corporation
KNL,"Knoll, Inc."
KNSA,"Kiniksa Pharmaceuticals, Ltd."
KNSL,"Kinsale Capital Group, Inc."
KNX,Knight-Swift Transportation Holdings Inc.
KO,The Coca-Cola Company
KOD,Kodiak Sciences Inc.
KOP,Koppers Holdings Inc.
KOS,Kosmos Energy Ltd.
KPTI,Karyopharm Therapeutics Inc.
KR,The Kroger Co.
KRA,Kraton Corporation
KRC,Kilroy Realty Corporation
KREF,KKR Real Estate Finance Trust Inc.
KRG,Kite Realty Group Trust
KRNY,Kearny Financial Corp.
KRO,"Kronos Worldwide, Inc."
KRTX,"Karuna Therapeutics, Inc."
KRUS,"Kura Sushi USA, Inc."
KRYS,"Krystal Biotech, Inc."
KSS,Kohl's Corporation
KSU,Kansas City Southern
KTB,"Kontoor Brands, Inc."
KTOS,"Kratos Defense & Security Solutions, Inc."
KURA,"Kura Oncology, Inc."
KVHI,"KVH Industries, Inc."
KW,"Kennedy-Wilson Holdings, Inc."
KWR,Quaker Chemical Corporation
KZR,"Kezar Life Sciences, Inc."
L,Loews Corporation
LAD,"Lithia Motors, Inc."
LADR,Ladder Capital Corp
LAMR,Lamar Advertising Company (REIT)
LANC,Lancaster Colony Corporation
LAND,Gladstone Land Corporation
LASR,"nLIGHT, Inc."
LAUR,"Laureate Education, Inc."
LAWS,"Lawson Products, Inc."
LAZ,Lazard Ltd
LB,"L Brands, Inc."
LBAI,"Lakeland Bancorp, Inc."
LBC,Luther Burbank Corporation
LBRDA,Liberty Broadband Corporation
LBRDK,Liberty Broadband Corporation
LBRT,Liberty Oilfield Services Inc.
LC,LendingClub Corporation
LCI,"Lannett Company, Inc."
LCII,LCI Industries
LCNB,LCNB Corp.
LCTX,"Lineage Cell Therapeutics, Inc."
LCUT,"Lifetime Brands, Inc."
LDL,"Lydall, Inc."
LDOS,"Leidos Holdings, Inc."
LE,"Lands' End, Inc."
LEA,Lear Corporation
LEAF,Leaf Group Ltd.
LECO,"Lincoln Electric Holdings, Inc."
LEE,"Lee Enterprises, Incorporated"
LEG,"Leggett & Platt, Incorporated"
LEGH,Legacy Housing Corporation
LEN,Lennar Corporation
LEN-B,Lennar Corporation
LEVL,"Level One Bancorp, Inc."
LFUS,"Littelfuse, Inc."
LFVN,LifeVantage Corporation
LGF-A,Lions Gate Entertainment Corp.
LGF-B,Lions Gate Entertainment Corp.
LGIH,"LGI Homes, Inc."
LGND,Ligand Pharmaceuticals Incorporated
LH,Laboratory Corporation of America Holdings
LHCG,"LHC Group, Inc."
LHX,"L3Harris Technologies, Inc."
LII,Lennox International Inc.
LILA,Liberty Latin America Ltd.
LILAK,Liberty Latin America Ltd.
LIN,Linde plc
LIND,"Lindblad Expeditions Holdings, Inc."
LITE,Lumentum Holdings Inc.
LIVN,LivaNova PLC
LIVX,"LiveXLive Media, Inc."
LJPC,La Jolla Pharmaceutical Company
LKFN,Lakeland Financial Corporation
LKQ,LKQ Corporation
LL,"Lumber Liquidators Holdings, Inc."
LLNW,"Limelight Networks, Inc."
LLY,Eli Lilly and Company
LM,"Legg Mason, Inc."
LMAT,"LeMaitre Vascular, Inc."
LMNR,Limoneira Company
LMNX,Luminex Corporation
LMT,Lockheed Martin Corporation
LNC,Lincoln National Corporation
LNDC,Landec Corporation
LNG,"Cheniere Energy, Inc."
LNN,Lindsay Corporation
LNT,Alliant Energy Corporation
LNTH,"Lantheus Holdings, Inc."
LOB,"Live Oak Bancshares, Inc."
LOCO,"El Pollo Loco Holdings, Inc."
LOGC,"LogicBio Therapeutics, Inc."
LOGM,"LogMeIn, Inc."
LOPE,"Grand Canyon Education, Inc."
LORL,Loral Space & Communications Inc.
LOVE,The Lovesac Company
LOW,"Lowe's Companies, Inc."
LPG,Dorian LPG Ltd.
LPI,"Laredo Petroleum, Inc."
LPLA,LPL Financial Holdings Inc.
LPSN,"LivePerson, Inc."
LPX,Louisiana-Pacific Corporation
LQDA,"Liquidia Technologies, Inc."
LQDT,"Liquidity Services, Inc."
LRCX,Lam Research Corporation
LRN,K12 Inc.
LSCC,Lattice Semiconductor Corporation
LSI,"Life Storage, Inc."
LSTR,"Landstar System, Inc."
LSXMA,The Liberty SiriusXM Group
LSXMK,The Liberty SiriusXM Group
LTC,"LTC Properties, Inc."
LTHM,Livent Corporation
LTRPA,"Liberty TripAdvisor Holdings, Inc."
LULU,Lululemon Athletica Inc.
LUV,Southwest Airlines Co.
LVGO,"Livongo Health, Inc."
LVS,Las Vegas Sands Corp.
LW,"Lamb Weston Holdings, Inc."
LXFR,Luxfer Holdings PLC
LXP,Lexington Realty Trust
LXRX,"Lexicon Pharmaceuticals, Inc."
LXU,"LSB Industries, Inc."
LYB,LyondellBasell Industries N.V.
LYFT,"Lyft, Inc."
LYV,"Live Nation Entertainment, Inc."
LZB,La-Z-Boy Incorporated
M,"Macy's, Inc."
MA,Mastercard Incorporated
MAA,"Mid-America Apartment Communities, Inc."
MAC,The Macerich Company
MAN,ManpowerGroup Inc.
MANH,
MANT,ManTech International Corporation
MAR,"Marriott International, Inc."
MAS,Masco Corporation
MASI,Masimo Corporation
MAT,"Mattel, Inc."
MATW,Matthews International Corporation
MATX,"Matson, Inc."
MAXR,Maxar Technologies Inc.
MBI,MBIA Inc.
MBII,"Marrone Bio Innovations, Inc."
MBIN,Merchants Bancorp
MBIO,"Mustang Bio, Inc."
MBUU,"Malibu Boats, Inc."
MBWM,Mercantile Bank Corporation
MC,Moelis & Company
MCB,Metropolitan Bank Holding Corp.
MCBC,Macatawa Bank Corporation
MCBS,"MetroCity Bankshares, Inc."
MCD,McDonald's Corporation
MCFT,"MasterCraft Boat Holdings, Inc."
MCHP,Microchip Technology Incorporated
MCHX,"Marchex, Inc."
MCK,McKesson Corporation
MCO,Moody's Corporation
MCRB,"Seres Therapeutics, Inc."
MCRI,"Monarch Casino & Resort, Inc."
MCS,The Marcus Corporation
MCY,Mercury General Corporation
MD,"MEDNAX, Inc."
MDB,"MongoDB, Inc."
MDC,"M.D.C. Holdings, Inc."
MDCA,MDC Partners Inc.
MDGL,"Madrigal Pharmaceuticals, Inc."
MDLA,"Medallia, Inc."
MDLZ,"Mondelez International, Inc."
MDP,Meredith Corporation
MDRX,"Allscripts Healthcare Solutions, Inc."
MDT,Medtronic plc
MDU,"MDU Resources Group, Inc."
MEC,"Mayville Engineering Company, Inc."
MED,"Medifast, Inc."
MEDP,"Medpace Holdings, Inc."
MEET,"The Meet Group, Inc."
MEI,"Methode Electronics, Inc."
MEIP,"MEI Pharma, Inc."
MESA,"Mesa Air Group, Inc."
MET,"MetLife, Inc."
METC,"Ramaco Resources, Inc."
MFA,"MFA Financial, Inc."
MFIN,Medallion Financial Corp.
MFNC,Mackinac Financial Corporation
MG,"Mistras Group, Inc."
MGEE,"MGE Energy, Inc."
MGLN,"Magellan Health, Inc."
MGM,MGM Resorts International
MGNX,"MacroGenics, Inc."
MGPI,"MGP Ingredients, Inc."
MGRC,McGrath RentCorp
MGTA,"Magenta Therapeutics, Inc."
MGTX,MeiraGTx Holdings plc
MGY,Magnolia Oil & Gas Corporation
MHK,"Mohawk Industries, Inc."
MHO,"M/I Homes, Inc."
MIC,Macquarie Infrastructure Corporation
MIDD,The Middleby Corporation
MIK,"The Michaels Companies, Inc."
MINI,"Mobile Mini, Inc."
MIRM,"Mirum Pharmaceuticals, Inc."
MITK,"Mitek Systems, Inc."
MITT,"AG Mortgage Investment Trust, Inc."
MJCO,Majesco
MKC,"McCormick & Company, Incorporated"
MKL,Markel Corporation
MKSI,"MKS Instruments, Inc."
MKTX,MarketAxess Holdings Inc.
MLAB,"Mesa Laboratories, Inc."
MLHR,"Herman Miller, Inc."
MLI,"Mueller Industries, Inc."
MLM,"Martin Marietta Materials, Inc."
MLND,"Millendo Therapeutics, Inc."
MLP,"Maui Land & Pineapple Company, Inc."
MLR,"Miller Industries, Inc."
MLVF,"Malvern Bancorp, Inc."
MMAC,"MMA Capital Holdings, Inc."
MMC,"Marsh & McLennan Companies, Inc."
MMI,"Marcus & Millichap, Inc."
MMM,3M Company
MMS,"MAXIMUS, Inc."
MMSI,"Merit Medical Systems, Inc."
MNK,Mallinckrodt plc
MNKD,MannKind Corporation
MNLO,Menlo Therapeutics Inc.
MNOV,"MediciNova, Inc."
MNR,Monmouth Real Estate Investment Corporation
MNRL,"Brigham Minerals, Inc."
MNRO,"Monro, Inc."
MNSB,"MainStreet Bancshares, Inc."
MNST,Monster Beverage Corporation
MNTA,"Momenta Pharmaceuticals, Inc."
MO,"Altria Group, Inc."
MOBL,"MobileIron, Inc."
MOD,Modine Manufacturing Company
MODN,"Model N, Inc."
MOFG,"MidWestOne Financial Group, Inc."
MOG-A,Moog Inc.
MOH,"Molina Healthcare, Inc."
MORF,"Morphic Holding, Inc."
MORN,"Morningstar, Inc."
MOS,The Mosaic Company
MOV,"Movado Group, Inc."
MPAA,"Motorcar Parts of America, Inc."
MPB,"Mid Penn Bancorp, Inc."
MPC,Marathon Petroleum Corporation
MPW,"Medical Properties Trust, Inc."
MPWR,"Monolithic Power Systems, Inc."
MPX,Marine Products Corporation
MR,Montage Resources Corporation
MRC,MRC Global Inc.
MRCY,"Mercury Systems, Inc."
MRK,"Merck & Co., Inc."
MRKR,"Marker Therapeutics, Inc."
MRLN,Marlin Business Services Corp.
MRNA,"Moderna, Inc."
MRNS,"Marinus Pharmaceuticals, Inc."
MRO,Marathon Oil Corporation
MRSN,"Mersana Therapeutics, Inc."
MRTN,"Marten Transport, Ltd."
MRTX,"Mirati Therapeutics, Inc."
MRVL,Marvell Technology Group Ltd.
MS,Morgan Stanley
MSA,MSA Safety Incorporated
MSBI,"Midland States Bancorp, Inc."
MSCI,MSCI Inc.
MSEX,Middlesex Water Company
MSFT,Microsoft Corporation
MSGE,Madison Square Garden Entertainment Corp.
MSGN,MSG Networks Inc.
MSGS,Madison Square Garden Sports Corp.
MSI,"Motorola Solutions, Inc."
MSM,"MSC Industrial Direct Co., Inc."
MSON,"Misonix, Inc."
MSTR,MicroStrategy Incorporated
MTB,M&T Bank Corporation
MTCH,"Match Group, Inc."
MTD,Mettler-Toledo International Inc.
MTDR,Matador Resources Company
MTEM,"Molecular Templates, Inc."
MTG,MGIC Investment Corporation
MTH,Meritage Homes Corporation
MTN,"Vail Resorts, Inc."
MTOR,"Meritor, Inc."
MTRN,Materion Corporation
MTRX,Matrix Service Company
MTSC,MTS Systems Corporation
MTSI,"MACOM Technology Solutions Holdings, Inc."
MTW,"The Manitowoc Company, Inc."
MTX,Minerals Technologies Inc.
MTZ,"MasTec, Inc."
MU,"Micron Technology, Inc."
MUR,Murphy Oil Corporation
MUSA,Murphy USA Inc.
MVBF,MVB Financial Corp.
MWA,"Mueller Water Products, Inc."
MXIM,"Maxim Integrated Products, Inc."
MXL,"MaxLinear, Inc."
MYE,"Myers Industries, Inc."
MYGN,"Myriad Genetics, Inc."
MYL,Mylan N.V.
MYOK,"MyoKardia, Inc."
MYRG,MYR Group Inc.
NAT,Nordic American Tankers Limited
NATH,"Nathan's Famous, Inc."
NATI,National Instruments Corporation
NATR,"Nature's Sunshine Products, Inc."
NAV,Navistar International Corporation
NAVI,Navient Corporation
NBEV,"NewAge, Inc."
NBHC,National Bank Holdings Corporation
NBIX,"Neurocrine Biosciences, Inc."
NBL,
NBN,Northeast Bank
NBR,Nabors Industries Ltd.
NBTB,NBT Bancorp Inc.
NC,"NACCO Industries, Inc."
NCBS,"Nicolet Bankshares, Inc."
NCLH,Norwegian Cruise Line Holdings Ltd.
NCMI,"National CineMedia, Inc."
NCR,NCR Corporation
NCSM,"NCS Multistage Holdings, Inc."
NDAQ,"Nasdaq, Inc."
NDLS,Noodles & Company
NDSN,Nordson Corporation
NE,Noble Corporation plc
NEE,"NextEra Energy, Inc."
NEM,Newmont Corporation
NEO,"NeoGenomics, Inc."
NEOG,Neogen Corporation
NERV,"Minerva Neurosciences, Inc."
NESR,National Energy Services Reunited Corp.
NEU,NewMarket Corporation
NEWR,"New Relic, Inc."
NEX,NexTier Oilfield Solutions Inc.
NEXT,NextDecade Corporation
NFBK,"Northfield Bancorp, Inc. (Staten Island, NY)"
NFG,National Fuel Gas Company
NFLX,"Netflix, Inc."
NG,NovaGold Resources Inc.
NGHC,National General Holdings Corp.
NGM,"NGM Biopharmaceuticals, Inc."
NGS,"Natural Gas Services Group, Inc."
NGVC,"Natural Grocers by Vitamin Cottage, Inc."
NGVT,Ingevity Corporation
NHC,National HealthCare Corporation
NHI,"National Health Investors, Inc."
NI,NiSource Inc.
NINE,"Nine Energy Service, Inc."
NJR,New Jersey Resources Corporation
NKE,"NIKE, Inc."
NKSH,"National Bankshares, Inc."
NKTR,Nektar Therapeutics
NL,"NL Industries, Inc."
NLOK,NortonLifeLock Inc.
NLSN,Nielsen Holdings plc
NLY,"Annaly Capital Management, Inc."
NMIH,"NMI Holdings, Inc."
NMRK,"Newmark Group, Inc."
NNBR,"NN, Inc."
NNI,"Nelnet, Inc."
NNN,"National Retail Properties, Inc."
NOC,Northrop Grumman Corporation
NODK,"NI Holdings, Inc."
NOG,"Northern Oil and Gas, Inc."
NOV,"National Oilwell Varco, Inc."
NOVA,Sunnova Energy International Inc.
NOVT,Novanta Inc.
NOW,"ServiceNow, Inc."
NP,"Neenah, Inc."
NPK,"National Presto Industries, Inc."
NPO,"EnPro Industries, Inc."
NPTN,NeoPhotonics Corporation
NR,"Newpark Resources, Inc."
NRC,National Research Corporation
NRG,"NRG Energy, Inc."
NRIM,"Northrim BanCorp, Inc."
NRZ,New Residential Investment Corp.
NSA,National Storage Affiliates Trust
NSC,Norfolk Southern Corporation
NSIT,"Insight Enterprises, Inc."
NSP,"Insperity, Inc."
NSSC,"Napco Security Technologies, Inc."
NSTG,"NanoString Technologies, Inc."
NTAP,"NetApp, Inc."
NTB,The Bank of N.T. Butterfield & Son Limited
NTCT,"NetScout Systems, Inc."
NTGR,"NETGEAR, Inc."
NTLA,"Intellia Therapeutics, Inc."
NTNX,"Nutanix, Inc."
NTRA,"Natera, Inc."
NTRS,Northern Trust Corporation
NTUS,Natus Medical Incorporated
NUAN,"Nuance Communications, Inc."
NUE,Nucor Corporation
NUS,"Nu Skin Enterprises, Inc."
NUVA,"NuVasive, Inc."
NVAX,"Novavax, Inc."
NVCR,NovoCure Limited
NVDA,NVIDIA Corporation
NVEC,NVE Corporation
NVEE,"NV5 Global, Inc."
NVR,"NVR, Inc."
NVRO,Nevro Corp.
NVST,Envista Holdings Corporation
NVT,nVent Electric plc
NVTA,Invitae Corporation
NWBI,"Northwest Bancshares, Inc."
NWE,NorthWestern Corporation
NWFL,Norwood Financial Corp.
NWL,Newell Brands Inc.
NWLI,"National Western Life Group, Inc."
NWN,Northwest Natural Holding Company
NWPX,Northwest Pipe Company
NWS,News Corporation
NWSA,News Corporation
NX,Quanex Building Products Corporation
NXGN,"NextGen Healthcare, Inc."
NXRT,"NexPoint Residential Trust, Inc."
NXST,"Nexstar Media Group, Inc."
NXTC,"NextCure, Inc."
NYCB,"New York Community Bancorp, Inc."
NYMT,"New York Mortgage Trust, Inc."
NYT,The New York Times Company
O,Realty Income Corporation
OAS,Oasis Petroleum Inc.
OBNK,"Origin Bancorp, Inc."
OC,Owens Corning
OCFC,OceanFirst Financial Corp.
OCN,Ocwen Financial Corporation
OCUL,"Ocular Therapeutix, Inc."
OCX,OncoCyte Corporation
ODC,Oil-Dri Corporation of America
ODFL,"Old Dominion Freight Line, Inc."
ODP,The ODP Corporation
ODT,"Odonate Therapeutics, Inc."
OEC,Orion Engineered Carbons S.A.
OFC,Corporate Office Properties Trust
OFG,OFG Bancorp
OFIX,Orthofix Medical Inc.
OFLX,"Omega Flex, Inc."
OGE,OGE Energy Corp.
OGS,"ONE Gas, Inc."
OHI,"Omega Healthcare Investors, Inc."
OI,"O-I Glass, Inc."
OII,"Oceaneering International, Inc."
OIS,"Oil States International, Inc."
OKE,"ONEOK, Inc."
OKTA,"Okta, Inc."
OLED,Universal Display Corporation
OLLI,"Ollie's Bargain Outlet Holdings, Inc."
OLN,Olin Corporation
OLP,"One Liberty Properties, Inc."
OMC,Omnicom Group Inc.
OMCL,"Omnicell, Inc."
OMER,Omeros Corporation
OMF,"OneMain Holdings, Inc."
OMI,"Owens & Minor, Inc."
ON,ON Semiconductor Corporation
ONB,Old National Bancorp
ONDK,"On Deck Capital, Inc."
ONEM,"1Life Healthcare, Inc."
ONEW,OneWater Marine Inc.
ONTO,Onto Innovation Inc.
OOMA,"Ooma, Inc."
OPB,
OPBK,
OPCH,"Option Care Health, Inc."
OPI,Office Properties Income Trust
OPK,"OPKO Health, Inc."
OPRT,Oportun Financial Corporation
OPRX,OptimizeRx Corporation
OPTN,"OptiNose, Inc."
OPY,Oppenheimer Holdings Inc.
ORA,"Ormat Technologies, Inc."
ORBC,ORBCOMM Inc.
ORC,"Orchid Island Capital, Inc."
ORCL,Oracle Corporation
ORGO,Organogenesis Holdings Inc.
ORI,Old Republic International Corporation
ORLY,"O'Reilly Automotive, Inc."
ORRF,"Orrstown Financial Services, Inc."
OSBC,"Old Second Bancorp, Inc."
OSG,"Overseas Shipholding Group, Inc."
OSIS,"OSI Systems, Inc."
OSK,Oshkosh Corporation
OSMT,Osmotica Pharmaceuticals plc
OSPN,OneSpan Inc.
OSTK,"Overstock.com, Inc."
OSUR,"OraSure Technologies, Inc."
OSW,OneSpaWorld Holdings Limited
OTIS,Otis Worldwide Corporation
OTTR,Otter Tail Corporation
OUT,Outfront Media Inc. (REIT)
OVBC,Ohio Valley Banc Corp.
OVLY,Oak Valley Bancorp
OXM,"Oxford Industries, Inc."
OXY,Occidental Petroleum Corporation
OYST,"Oyster Point Pharma, Inc."
OZK,Bank OZK
PACB,"Pacific Biosciences of California, Inc."
PACD,Pacific Drilling S.A.
PACW,PacWest Bancorp
PAG,"Penske Automotive Group, Inc."
PAHC,Phibro Animal Health Corporation
PANW,"Palo Alto Networks, Inc."
PAR,PAR Technology Corporation
PARR,"Par Pacific Holdings, Inc."
PATK,"Patrick Industries, Inc."
PAYC,"Paycom Software, Inc."
PAYS,"PaySign, Inc."
PAYX,"Paychex, Inc."
PB,"Prosperity Bancshares, Inc."
PBCT,"People's United Financial, Inc."
PBF,PBF Energy Inc.
PBFS,"Pioneer Bancorp, Inc."
PBH,Prestige Consumer Healthcare Inc.
PBI,Pitney Bowes Inc.
PBIP,"Prudential Bancorp, Inc."
PBPB,Potbelly Corporation
PBYI,"Puma Biotechnology, Inc."
PCAR,PACCAR Inc
PCB,PCB Bancorp
PCG,PG&E Corporation
PCH,PotlatchDeltic Corporation
PCRX,"Pacira BioSciences, Inc."
PCSB,PCSB Financial Corporation
PCTY,Paylocity Holding Corporation
PCYO,Pure Cycle Corporation
PD,"PagerDuty, Inc."
PDCE,"PDC Energy, Inc."
PDCO,"Patterson Companies, Inc."
PDFS,"PDF Solutions, Inc."
PDLB,PDL Community Bancorp
PDLI,"PDL BioPharma, Inc."
PDM,"Piedmont Office Realty Trust, Inc."
PE,"Parsley Energy, Inc."
PEAK,"Healthpeak Properties, Inc."
PEB,Pebblebrook Hotel Trust
PEBK,"Peoples Bancorp of North Carolina, Inc."
PEBO,Peoples Bancorp Inc.
PEG,Public Service Enterprise Group Incorporated
PEGA,Pegasystems Inc.
PEI,Pennsylvania Real Estate Investment Trust
PEN,"Penumbra, Inc."
PENN,"Penn National Gaming, Inc."
PEP,"PepsiCo, Inc."
PETQ,"PetIQ, Inc."
PETS,"PetMed Express, Inc."
PFBC,Preferred Bank
PFBI,"Premier Financial Bancorp, Inc."
PFE,Pfizer Inc.
PFG,"Principal Financial Group, Inc."
PFGC,Performance Food Group Company
PFHD,Professional Holding Corp.
PFIS,Peoples Financial Services Corp.
PFNX,Pfenex Inc.
PFPT,"Proofpoint, Inc."
PFS,"Provident Financial Services, Inc."
PFSI,"PennyMac Financial Services, Inc."
PG,The Procter & Gamble Company
PGC,Peapack-Gladstone Financial Corporation
PGEN,"Precigen, Inc."
PGNX,"Progenics Pharmaceuticals, Inc."
PGNY,"Progyny, Inc."
PGR,The Progressive Corporation
PGRE,"Paramount Group, Inc."
PGTI,"PGT Innovations, Inc."
PH,Parker-Hannifin Corporation
PHAS,"PhaseBio Pharmaceuticals, Inc."
PHAT,"Phathom Pharmaceuticals, Inc."
PHM,"PulteGroup, Inc."
PHR,"Phreesia, Inc."
PHUN,"Phunware, Inc."
PHX,Panhandle Oil and Gas Inc.
PI,"Impinj, Inc."
PICO,"PICO Holdings, Inc."
PII,Polaris Inc.
PINC,"Premier, Inc."
PING,Ping Identity Holding Corp.
PIPR,Piper Sandler Companies
PIRS,"Pieris Pharmaceuticals, Inc."
PJT,PJT Partners Inc.
PK,Park Hotels & Resorts Inc.
PKBK,"Parke Bancorp, Inc."
PKE,Park Aerospace Corp.
PKG,Packaging Corporation of America
PKI,"PerkinElmer, Inc."
PKOH,Park-Ohio Holdings Corp.
PLAB,"Photronics, Inc."
PLAN,"Anaplan, Inc."
PLAY,"Dave & Buster's Entertainment, Inc."
PLCE,"The Children's Place, Inc."
PLD,"Prologis, Inc."
PLMR,"Palomar Holdings, Inc."
PLNT,"Planet Fitness, Inc."
PLOW,"Douglas Dynamics, Inc."
PLPC,Preformed Line Products Company
PLSE,"Pulse Biosciences, Inc."
PLT,"Plantronics, Inc."
PLUG,Plug Power Inc.
PLUS,ePlus inc.
PLXS,Plexus Corp.
PM,Philip Morris International Inc.
PMBC,Pacific Mercantile Bancorp
PMT,PennyMac Mortgage Investment Trust
PNC,"The PNC Financial Services Group, Inc."
PNFP,"Pinnacle Financial Partners, Inc."
PNM,"PNM Resources, Inc."
PNR,Pentair plc
PNRG,PrimeEnergy Resources Corporation
PNTG,"The Pennant Group, Inc."
PNW,Pinnacle West Capital Corporation
PODD,Insulet Corporation
POL,PolyOne Corporation
POOL,Pool Corporation
POR,Portland General Electric Company
POST,"Post Holdings, Inc."
POWI,"Power Integrations, Inc."
POWL,"Powell Industries, Inc."
PPBI,"Pacific Premier Bancorp, Inc."
PPC,Pilgrim's Pride Corporation
PPD,"PPD, Inc."
PPG,"PPG Industries, Inc."
PPL,PPL Corporation
PQG,PQ Group Holdings Inc.
PRA,ProAssurance Corporation
PRAA,"PRA Group, Inc."
PRAH,"PRA Health Sciences, Inc."
PRDO,Perdoceo Education Corporation
PRFT,"Perficient, Inc."
PRGO,Perrigo Company plc
PRGS,Progress Software Corporation
PRGX,"PRGX Global, Inc."
PRI,"Primerica, Inc."
PRIM,Primoris Services Corporation
PRK,Park National Corporation
PRLB,"Proto Labs, Inc."
PRNB,
PRO,"PROS Holdings, Inc."
PROS,"ProSight Global, Inc."
PROV,"Provident Financial Holdings, Inc."
PRPL,"Purple Innovation, Inc."
PRSC,The Providence Service Corporation
PRSP,Perspecta Inc.
PRTA,Prothena Corporation plc
PRTH,"Priority Technology Holdings, Inc."
PRTK,"Paratek Pharmaceuticals, Inc."
PRTY,Party City Holdco Inc.
PRU,"Prudential Financial, Inc."
PRVL,Prevail Therapeutics Inc.
PS,"Pluralsight, Inc."
PSA,Public Storage
PSB,"PS Business Parks, Inc."
PSMT,"PriceSmart, Inc."
PSN,Parsons Corporation
PSNL,"Personalis, Inc."
PSTG,"Pure Storage, Inc."
PSX,Phillips 66
PTC,PTC Inc.
PTCT,"PTC Therapeutics, Inc."
PTE,"PolarityTE, Inc."
PTEN,"Patterson-UTI Energy, Inc."
PTGX,"Protagonist Therapeutics, Inc."
PTLA,"Portola Pharmaceuticals, Inc."
PTN,"Palatin Technologies, Inc."
PTSI,"P.A.M. Transportation Services, Inc."
PTVCB,Protective Insurance Corporation
PUB,Altabancorp
PUMP,ProPetro Holding Corp.
PVAC,Penn Virginia Corporation
PVBC,"Provident Bancorp, Inc."
PVH,PVH Corp.
PWOD,"Penns Woods Bancorp, Inc."
PWR,"Quanta Services, Inc."
PXD,Pioneer Natural Resources Company
PYPL,"PayPal Holdings, Inc."
PYX,
PZN,"Pzena Investment Management, Inc"
PZZA,"Papa John's International, Inc."
QADA,QAD Inc.
QCOM,QUALCOMM Incorporated
QCRH,"QCR Holdings, Inc."
QDEL,Quidel Corporation
QEP,"QEP Resources, Inc."
QGEN,QIAGEN N.V.
QLYS,"Qualys, Inc."
QNST,"QuinStreet, Inc."
QRTEA,"Qurate Retail, Inc."
QRVO,"Qorvo, Inc."
QTRX,Quanterix Corporation
QTS,"QTS Realty Trust, Inc."
QTWO,"Q2 Holdings, Inc."
QUAD,"Quad/Graphics, Inc."
QUOT,Quotient Technology Inc.
R,"Ryder System, Inc."
RAD,Rite Aid Corporation
RAMP,"LiveRamp Holdings, Inc."
RAPT,"RAPT Therapeutics, Inc."
RARE,Ultragenyx Pharmaceutical Inc.
RAVN,"Raven Industries, Inc."
RBB,RBB Bancorp
RBBN,Ribbon Communications Inc.
RBC,Regal Beloit Corporation
RBCAA,"Republic Bancorp, Inc."
RBNC,"Reliant Bancorp, Inc."
RC,Ready Capital Corporation
RCII,"Rent-A-Center, Inc."
RCKT,"Rocket Pharmaceuticals, Inc."
RCKY,"Rocky Brands, Inc."
RCL,Royal Caribbean Group
RCM,R1 RCM Inc.
RCUS,"Arcus Biosciences, Inc."
RDFN,Redfin Corporation
RDI,"Reading International, Inc."
RDN,Radian Group Inc.
RDNT,"RadNet, Inc."
RDUS,"Radius Health, Inc."
RE,"Everest Re Group, Ltd."
REAL,"The RealReal, Inc."
REG,Regency Centers Corporation
REGI,"Renewable Energy Group, Inc."
REGN,"Regeneron Pharmaceuticals, Inc."
REI,"Ring Energy, Inc."
REPH,"Recro Pharma, Inc."
REPL,"Replimune Group, Inc."
RES,"RPC, Inc."
RESI,Front Yard Residential Corporation
RETA,"Reata Pharmaceuticals, Inc."
REV,"Revlon, Inc."
REVG,"REV Group, Inc."
REX,REX American Resources Corporation
REXR,"Rexford Industrial Realty, Inc."
REYN,Reynolds Consumer Products Inc.
REZI,"Resideo Technologies, Inc."
RF,Regions Financial Corporation
RFL,"Rafael Holdings, Inc."
RGA,"Reinsurance Group of America, Incorporated"
RGCO,"RGC Resources, Inc."
RGEN,Repligen Corporation
RGLD,"Royal Gold, Inc."
RGNX,REGENXBIO Inc.
RGP,"Resources Connection, Inc."
RGR,"Sturm, Ruger & Company, Inc."
RGS,Regis Corporation
RH,RH
RHI,Robert Half International Inc.
RHP,"Ryman Hospitality Properties, Inc."
RICK,"RCI Hospitality Holdings, Inc."
RIG,Transocean Ltd.
RIGL,"Rigel Pharmaceuticals, Inc."
RILY,"B. Riley Financial, Inc."
RJF,"Raymond James Financial, Inc."
RL,Ralph Lauren Corporation
RLGT,"Radiant Logistics, Inc."
RLGY,Realogy Holdings Corp.
RLH,Red Lion Hotels Corporation
RLI,RLI Corp.
RLJ,RLJ Lodging Trust
RM,Regional Management Corp.
RMAX,"RE/MAX Holdings, Inc."
RMBI,"Richmond Mutual Bancorporation, Inc."
RMBS,Rambus Inc.
RMD,ResMed Inc.
RMNI,"Rimini Street, Inc."
RMR,The RMR Group Inc.
RMTI,"Rockwell Medical, Inc."
RNET,"RigNet, Inc."
RNG,"RingCentral, Inc."
RNR,RenaissanceRe Holdings Ltd.
RNST,Renasant Corporation
ROAD,"Construction Partners, Inc."
ROCK,"Gibraltar Industries, Inc."
ROG,Rogers Corporation
ROIC,Retail Opportunity Investments Corp.
ROK,"Rockwell Automation, Inc."
ROKU,"Roku, Inc."
ROL,"Rollins, Inc."
ROLL,RBC Bearings Incorporated
ROP,"Roper Technologies, Inc."
ROSE,Rosehill Resources Inc.
ROST,"Ross Stores, Inc."
RP,"RealPage, Inc."
RPAI,"Retail Properties of America, Inc."
RPD,"Rapid7, Inc."
RPM,RPM International Inc.
RPT,RPT Realty
RRBI,"Red River Bancshares, Inc."
RRC,Range Resources Corporation
RRD,R. R. Donnelley & Sons Company
RRGB,"Red Robin Gourmet Burgers, Inc."
RRR,"Red Rock Resorts, Inc."
RS,Reliance Steel & Aluminum Co.
RSG,"Republic Services, Inc."
RST,Rosetta Stone Inc.
RTIX,
RTRX,"Retrophin, Inc."
RTW,
RTX,Raytheon Technologies Corporation
RUBI,"the Rubicon Project, Inc."
RUBY,"Rubius Therapeutics, Inc."
RUN,Sunrun Inc.
RUSHA,"Rush Enterprises, Inc."
RUSHB,"Rush Enterprises, Inc."
RUTH,"Ruth's Hospitality Group, Inc."
RVI,Retail Value Inc.
RVMD,"Revolution Medicines, Inc."
RVNC,"Revance Therapeutics, Inc."
RVSB,"Riverview Bancorp, Inc."
RWT,"Redwood Trust, Inc."
RXN,Rexnord Corporation
RYAM,Rayonier Advanced Materials Inc.
RYI,Ryerson Holding Corporation
RYN,Rayonier Inc.
RYTM,"Rhythm Pharmaceuticals, Inc."
SABR,Sabre Corporation
SAFE,Safehold Inc.
SAFM,"Sanderson Farms, Inc."
SAFT,"Safety Insurance Group, Inc."
SAGE,"Sage Therapeutics, Inc."
SAH,"Sonic Automotive, Inc."
SAIA,"Saia, Inc."
SAIC,Science Applications International Corporation
SAIL,"SailPoint Technologies Holdings, Inc."
SALT,Scorpio Bulkers Inc.
SAM,"The Boston Beer Company, Inc."
SAMG,Silvercrest Asset Management Group Inc.
SANM,Sanmina Corporation
SASR,"Sandy Spring Bancorp, Inc."
SATS,EchoStar Corporation
SAVE,"Spirit Airlines, Inc."
SB,"Safe Bulkers, Inc."
SBAC,SBA Communications Corporation
SBBP,Strongbridge Biopharma plc
SBBX,SB One Bancorp
SBCF,Seacoast Banking Corporation of Florida
SBGI,"Sinclair Broadcast Group, Inc."
SBH,"Sally Beauty Holdings, Inc."
SBNY,Signature Bank
SBOW,"SilverBow Resources, Inc."
SBRA,"Sabra Health Care REIT, Inc."
SBSI,"Southside Bancshares, Inc."
SBT,"Sterling Bancorp, Inc. (Southfield, MI)"
SBUX,Starbucks Corporation
SC,Santander Consumer USA Holdings Inc.
SCCO,Southern Copper Corporation
SCHL,Scholastic Corporation
SCHN,"Schnitzer Steel Industries, Inc."
SCHW,The Charles Schwab Corporation
SCI,Service Corporation International
SCL,Stepan Company
SCOR,"comScore, Inc."
SCS,Steelcase Inc.
SCSC,"ScanSource, Inc."
SCU,"Sculptor Capital Management, Inc."
SCVL,"Shoe Carnival, Inc."
SCWX,SecureWorks Corp.
SD,"SandRidge Energy, Inc."
SDGR,"Schr√∂dinger, Inc."
SDRL,Seadrill Limited
SEAS,"SeaWorld Entertainment, Inc."
SEB,Seaboard Corporation
SEE,Sealed Air Corporation
SEIC,SEI Investments Company
SEM,Select Medical Holdings Corporation
SENEA,Seneca Foods Corporation
SENS,"Senseonics Holdings, Inc."
SERV,
SF,Stifel Financial Corp.
SFBS,"ServisFirst Bancshares, Inc."
SFE,"Safeguard Scientifics, Inc."
SFIX,"Stitch Fix, Inc."
SFL,SFL Corporation Ltd.
SFM,"Sprouts Farmers Market, Inc."
SFNC,Simmons First National Corporation
SFST,"Southern First Bancshares, Inc."
SGA,"Saga Communications, Inc."
SGC,"Superior Group of Companies, Inc."
SGEN,Seagen Inc.
SGH,"SMART Global Holdings, Inc."
SGMO,"Sangamo Therapeutics, Inc."
SGMS,Scientific Games Corporation
SGRY,"Surgery Partners, Inc."
SHAK,Shake Shack Inc.
SHBI,"Shore Bancshares, Inc."
SHEN,Shenandoah Telecommunications Company
SHO,"Sunstone Hotel Investors, Inc."
SHOO,"Steven Madden, Ltd."
SHSP,"SharpSpring, Inc."
SHW,The Sherwin-Williams Company
SI,Silvergate Capital Corporation
SIBN,"SI-BONE, Inc."
SIC,"Select Interior Concepts, Inc."
SIEB,Siebert Financial Corp.
SIEN,"Sientra, Inc."
SIG,Signet Jewelers Limited
SIGA,"SIGA Technologies, Inc."
SIGI,"Selective Insurance Group, Inc."
SILK,"Silk Road Medical, Inc"
SIRI,Sirius XM Holdings Inc.
SITC,SITE Centers Corp.
SITE,"SiteOne Landscape Supply, Inc."
SITM,SiTime Corporation
SIVB,SVB Financial Group
SIX,Six Flags Entertainment Corporation
SJI,"South Jersey Industries, Inc."
SJM,The J. M. Smucker Company
SJW,SJW Group
SKT,"Tanger Factory Outlet Centers, Inc."
SKX,"Skechers U.S.A., Inc."
SKY,Skyline Champion Corporation
SKYW,"SkyWest, Inc."
SLAB,Silicon Laboratories Inc.
SLB,Schlumberger Limited
SLCA,"U.S. Silica Holdings, Inc."
SLCT,"Select Bancorp, Inc."
SLDB,Solid Biosciences Inc.
SLG,SL Green Realty Corp.
SLGN,Silgan Holdings Inc.
SLM,SLM Corporation
SLP,"Simulations Plus, Inc."
SM,SM Energy Company
SMAR,Smartsheet Inc.
SMBC,"Southern Missouri Bancorp, Inc."
SMBK,"SmartFinancial, Inc."
SMG,The Scotts Miracle-Gro Company
SMHI,SEACOR Marine Holdings Inc.
SMMF,"Summit Financial Group, Inc."
SMP,"Standard Motor Products, Inc."
SMPL,The Simply Good Foods Company
SMTC,Semtech Corporation
SNA,Snap-on Incorporated
SNBR,Sleep Number Corporation
SNCR,"Synchronoss Technologies, Inc."
SND,"Smart Sand, Inc."
SNDR,"Schneider National, Inc."
SNDX,"Syndax Pharmaceuticals, Inc."
SNPS,"Synopsys, Inc."
SNR,New Senior Investment Group Inc.
SNV,Synovus Financial Corp.
SNX,SYNNEX Corporation
SO,The Southern Company
SOI,"Solaris Oilfield Infrastructure, Inc."
SOLY,"Soliton, Inc."
SON,Sonoco Products Company
SONA,"Southern National Bancorp of Virginia, Inc."
SONM,"Sonim Technologies, Inc."
SONO,"Sonos, Inc."
SP,SP Plus Corporation
SPAR,
SPB,"Spectrum Brands Holdings, Inc."
SPFI,"South Plains Financial, Inc."
SPG,"Simon Property Group, Inc."
SPGI,S&P Global Inc.
SPKE,"Spark Energy, Inc."
SPLK,Splunk Inc.
SPNE,SeaSpine Holdings Corporation
SPOK,"Spok Holdings, Inc."
SPOT,Spotify Technology S.A.
SPPI,"Spectrum Pharmaceuticals, Inc."
SPR,"Spirit AeroSystems Holdings, Inc."
SPRO,"Spero Therapeutics, Inc."
SPSC,"SPS Commerce, Inc."
SPT,"Sprout Social, Inc."
SPTN,SpartanNash Company
SPWH,"Sportsman's Warehouse Holdings, Inc."
SPWR,SunPower Corporation
SPXC,SPX Corporation
SQ,"Square, Inc."
SR,Spire Inc.
SRC,"Spirit Realty Capital, Inc."
SRCE,1st Source Corporation
SRCL,"Stericycle, Inc."
SRDX,"Surmodics, Inc."
SRE,Sempra Energy
SRG,Seritage Growth Properties
SRI,"Stoneridge, Inc."
SRNE,"Sorrento Therapeutics, Inc."
SRPT,"Sarepta Therapeutics, Inc."
SRRK,Scholar Rock Holding Corporation
SRT,"StarTek, Inc."
SSB,South State Corporation
SSD,"Simpson Manufacturing Co., Inc."
SSNC,"SS&C Technologies Holdings, Inc."
SSP,The E.W. Scripps Company
SSTI,"ShotSpotter, Inc."
SSTK,"Shutterstock, Inc."
SSYS,Stratasys Ltd.
ST,Sensata Technologies Holding plc
STAA,STAAR Surgical Company
STAG,"STAG Industrial, Inc."
STAR,iStar Inc.
STAY,"Extended Stay America, Inc."
STBA,"S&T Bancorp, Inc."
STC,Stewart Information Services Corporation
STE,STERIS plc
STFC,State Auto Financial Corporation
STIM,"Neuronetics, Inc."
STL,Sterling Bancorp
STLD,"Steel Dynamics, Inc."
STML,
STMP,Stamps.com Inc.
STNG,Scorpio Tankers Inc.
STOK,"Stoke Therapeutics, Inc."
STOR,STORE Capital Corporation
STRA,"Strategic Education, Inc."
STRL,"Sterling Construction Company, Inc."
STRO,"Sutro Biopharma, Inc."
STRS,Stratus Properties Inc.
STSA,"Satsuma Pharmaceuticals, Inc."
STT,State Street Corporation
STWD,"Starwood Property Trust, Inc."
STXB,"Spirit of Texas Bancshares, Inc."
STZ,"Constellation Brands, Inc."
SUI,"Sun Communities, Inc."
SUM,"Summit Materials, Inc."
SUPN,"Supernus Pharmaceuticals, Inc."
SVC,Service Properties Trust
SVMK,SVMK Inc.
SVRA,Savara Inc.
SWAV,"ShockWave Medical, Inc."
SWCH,"Switch, Inc."
SWI,SolarWinds Corporation
SWK,"Stanley Black & Decker, Inc."
SWKS,"Skyworks Solutions, Inc."
SWM,"Schweitzer-Mauduit International, Inc."
SWN,Southwestern Energy Company
SWTX,"SpringWorks Therapeutics, Inc."
SWX,"Southwest Gas Holdings, Inc."
SXC,"SunCoke Energy, Inc."
SXI,Standex International Corporation
SXT,Sensient Technologies Corporation
SYBT,"Stock Yards Bancorp, Inc."
SYBX,"Synlogic, Inc."
SYF,Synchrony Financial
SYK,Stryker Corporation
SYKE,"Sykes Enterprises, Incorporated"
SYNA,Synaptics Incorporated
SYNH,"Syneos Health, Inc."
SYNL,Synalloy Corporation
SYRS,"Syros Pharmaceuticals, Inc."
SYX,Systemax Inc.
SYY,Sysco Corporation
T,AT&T Inc.
TACO,"Del Taco Restaurants, Inc."
TALO,Talos Energy Inc.
TAP,Molson Coors Beverage Company
TAST,"Carrols Restaurant Group, Inc."
TBBK,"The Bancorp, Inc."
TBI,"TrueBlue, Inc."
TBIO,"Translate Bio, Inc."
TBK,"Triumph Bancorp, Inc."
TBNK,Territorial Bancorp Inc.
TBPH,"Theravance Biopharma, Inc."
TCBI,"Texas Capital Bancshares, Inc."
TCBK,TriCo Bancshares
TCDA,"Tricida, Inc."
TCF,TCF Financial Corporation
TCFC,The Community Financial Corporation
TCI,"Transcontinental Realty Investors, Inc."
TCMD,"Tactile Systems Technology, Inc."
TCO,"Taubman Centers, Inc."
TCRR,TCR2 Therapeutics Inc.
TCS,"The Container Store Group, Inc."
TCX,Tucows Inc.
TDC,Teradata Corporation
TDG,TransDigm Group Incorporated
TDOC,"Teladoc Health, Inc."
TDS,"Telephone and Data Systems, Inc."
TDW,Tidewater Inc.
TDY,Teledyne Technologies Incorporated
TEAM,Atlassian Corporation Plc
TECD,Tech Data Corporation
TECH,Bio-Techne Corporation
TELL,Tellurian Inc.
TEN,Tenneco Inc.
TENB,"Tenable Holdings, Inc."
TER,"Teradyne, Inc."
TERP,
TESS,TESSCO Technologies Incorporated
TEUM,Pareteum Corporation
TEX,Terex Corporation
TFC,Truist Financial Corporation
TFSL,TFS Financial Corporation
TFX,Teleflex Incorporated
TG,Tredegar Corporation
TGH,Textainer Group Holdings Limited
TGI,"Triumph Group, Inc."
TGNA,TEGNA Inc.
TGT,Target Corporation
TGTX,"TG Therapeutics, Inc."
TH,Target Hospitality Corp.
THC,Tenet Healthcare Corporation
THFF,First Financial Corporation
THG,"The Hanover Insurance Group, Inc."
THO,"Thor Industries, Inc."
THR,"Thermon Group Holdings, Inc."
THRM,Gentherm Incorporated
THS,"TreeHouse Foods, Inc."
TIF,Tiffany & Co.
TILE,"Interface, Inc."
TIPT,Tiptree Inc.
TISI,"Team, Inc."
TITN,Titan Machinery Inc.
TIVO,
TJX,"The TJX Companies, Inc."
TK,Teekay Corporation
TKR,The Timken Company
TLRD,"Tailored Brands, Inc."
TLYS,"Tilly's, Inc."
TMDX,"TransMedics Group, Inc."
TMHC,Taylor Morrison Home Corporation
TMO,Thermo Fisher Scientific Inc.
TMP,Tompkins Financial Corporation
TMST,TimkenSteel Corporation
TMUS,"T-Mobile US, Inc."
TNAV,"Telenav, Inc."
TNC,Tennant Company
TNDM,"Tandem Diabetes Care, Inc."
TNET,"TriNet Group, Inc."
TNK,Teekay Tankers Ltd.
TOCA,
TOL,"Toll Brothers, Inc."
TORC,
TOWN,TowneBank
TPB,"Turning Point Brands, Inc."
TPC,Tutor Perini Corporation
TPCO,Tribune Publishing Company
TPH,"TRI Pointe Group, Inc."
TPIC,"TPI Composites, Inc."
TPR,"Tapestry, Inc."
TPRE,Third Point Reinsurance Ltd.
TPTX,"Turning Point Therapeutics, Inc."
TPX,"Tempur Sealy International, Inc."
TR,"Tootsie Roll Industries, Inc."
TRC,Tejon Ranch Co.
TREC,Trecora Resources
TREE,"LendingTree, Inc."
TREX,"Trex Company, Inc."
TRGP,Targa Resources Corp.
TRHC,"Tabula Rasa HealthCare, Inc."
TRIP,"TripAdvisor, Inc."
TRMB,Trimble Inc.
TRMK,Trustmark Corporation
TRN,"Trinity Industries, Inc."
TRNO,Terreno Realty Corporation
TRNS,"Transcat, Inc."
TROW,"T. Rowe Price Group, Inc."
TROX,Tronox Holdings plc
TRS,TriMas Corporation
TRST,TrustCo Bank Corp NY
TRTN,Triton International Limited
TRTX,"TPG RE Finance Trust, Inc."
TRU,TransUnion
TRUE,"TrueCar, Inc."
TRUP,"Trupanion, Inc."
TRV,"The Travelers Companies, Inc."
TRWH,"Twin River Worldwide Holdings, Inc."
TRXC,"TransEnterix, Inc."
TSBK,"Timberland Bancorp, Inc."
TSC,"TriState Capital Holdings, Inc."
TSCO,Tractor Supply Company
TSE,Trinseo S.A.
TSLA,"Tesla, Inc."
TSN,"Tyson Foods, Inc."
TT,Trane Technologies plc
TTC,The Toro Company
TTD,"The Trade Desk, Inc."
TTEC,"TTEC Holdings, Inc."
TTEK,"Tetra Tech, Inc."
TTGT,"TechTarget, Inc."
TTI,"TETRA Technologies, Inc."
TTMI,"TTM Technologies, Inc."
TTWO,"Take-Two Interactive Software, Inc."
TUP,Tupperware Brands Corporation
TUSK,"Mammoth Energy Services, Inc."
TVTY,"Tivity Health, Inc."
TWI,"Titan International, Inc."
TWIN,"Twin Disc, Incorporated"
TWLO,Twilio Inc.
TWNK,"Hostess Brands, Inc."
TWO,Two Harbors Investment Corp.
TWOU,"2U, Inc."
TWST,Twist Bioscience Corporation
TWTR,"Twitter, Inc."
TXMD,"TherapeuticsMD, Inc."
TXN,Texas Instruments Incorporated
TXRH,"Texas Roadhouse, Inc."
TXT,Textron Inc.
TYL,"Tyler Technologies, Inc."
TYME,"Tyme Technologies, Inc."
TZOO,Travelzoo
UA,"Under Armour, Inc."
UAA,"Under Armour, Inc."
UAL,"United Airlines Holdings, Inc."
UBA,Urstadt Biddle Properties Inc.
UBER,"Uber Technologies, Inc."
UBFO,United Security Bancshares
UBSI,"United Bankshares, Inc."
UBX,"Unity Biotechnology, Inc."
UCBI,"United Community Banks, Inc."
UCTT,"Ultra Clean Holdings, Inc."
UDR,"UDR, Inc."
UE,Urban Edge Properties
UEC,Uranium Energy Corp.
UEIC,Universal Electronics Inc.
UFCS,"United Fire Group, Inc."
UFI,"Unifi, Inc."
UFPI,"UFP Industries, Inc."
UFPT,"UFP Technologies, Inc."
UFS,Domtar Corporation
UGI,UGI Corporation
UHAL,AMERCO
UHS,"Universal Health Services, Inc."
UHT,Universal Health Realty Income Trust
UI,Ubiquiti Inc.
UIHC,United Insurance Holdings Corp.
UIS,Unisys Corporation
ULH,"Universal Logistics Holdings, Inc."
ULTA,"Ulta Beauty, Inc."
UMBF,UMB Financial Corporation
UMH,"UMH Properties, Inc."
UMPQ,Umpqua Holdings Corporation
UNB,"Union Bankshares, Inc."
UNF,UniFirst Corporation
UNFI,"United Natural Foods, Inc."
UNH,UnitedHealth Group Incorporated
UNIT,Uniti Group Inc.
UNM,Unum Group
UNP,Union Pacific Corporation
UNT,
UNTY,"Unity Bancorp, Inc."
UNVR,Univar Solutions Inc.
UPLD,"Upland Software, Inc."
UPS,"United Parcel Service, Inc."
UPWK,Upwork Inc.
URBN,"Urban Outfitters, Inc."
URGN,UroGen Pharma Ltd.
URI,"United Rentals, Inc."
USB,U.S. Bancorp
USCR,"U.S. Concrete, Inc."
USFD,US Foods Holding Corp.
USLM,"United States Lime & Minerals, Inc."
USM,United States Cellular Corporation
USNA,"USANA Health Sciences, Inc."
USPH,"U.S. Physical Therapy, Inc."
USWS,"U.S. Well Services, Inc."
USX,"U.S. Xpress Enterprises, Inc."
UTHR,United Therapeutics Corporation
UTL,Unitil Corporation
UTMD,"Utah Medical Products, Inc."
UUUU,Energy Fuels Inc.
UVE,"Universal Insurance Holdings, Inc."
UVSP,Univest Financial Corporation
UVV,Universal Corporation
V,Visa Inc.
VAC,Marriott Vacations Worldwide Corporation
VALU,"Value Line, Inc."
VAPO,"Vapotherm, Inc."
VAR,"Varian Medical Systems, Inc."
VBIV,VBI Vaccines Inc.
VBTX,"Veritex Holdings, Inc."
VC,Visteon Corporation
VCEL,Vericel Corporation
VCRA,"Vocera Communications, Inc."
VCYT,"Veracyte, Inc."
VEC,"Vectrus, Inc."
VECO,Veeco Instruments Inc.
VEEV,Veeva Systems Inc.
VEL,"Velocity Financial, Inc."
VER,"VEREIT, Inc."
VFC,V.F. Corporation
VG,Vonage Holdings Corp.
VGR,Vector Group Ltd.
VHC,VirnetX Holding Corp
VHI,"Valhi, Inc."
VIAC,ViacomCBS Inc.
VIACA,ViacomCBS Inc.
VIAV,Viavi Solutions Inc.
VICI,VICI Properties Inc.
VICR,Vicor Corporation
VIE,"Viela Bio, Inc."
VIR,"Vir Biotechnology, Inc."
VIRT,"Virtu Financial, Inc."
VIVO,"Meridian Bioscience, Inc."
VKTX,"Viking Therapeutics, Inc."
VLGEA,"Village Super Market, Inc."
VLO,Valero Energy Corporation
VLY,Valley National Bancorp
VMC,Vulcan Materials Company
VMI,"Valmont Industries, Inc."
VMW,"VMware, Inc."
VNCE,Vince Holding Corp.
VNDA,Vanda Pharmaceuticals Inc.
VNO,Vornado Realty Trust
VOYA,"Voya Financial, Inc."
VPG,"Vishay Precision Group, Inc."
VRA,"Vera Bradley, Inc."
VRAY,"ViewRay, Inc."
VRCA,Verrica Pharmaceuticals Inc.
VREX,Varex Imaging Corporation
VRNS,"Varonis Systems, Inc."
VRNT,Verint Systems Inc.
VRRM,Verra Mobility Corporation
VRS,Verso Corporation
VRSK,"Verisk Analytics, Inc."
VRSN,"VeriSign, Inc."
VRTS,"Virtus Investment Partners, Inc."
VRTU,Virtusa Corporation
VRTV,Veritiv Corporation
VRTX,Vertex Pharmaceuticals Incorporated
VSAT,"Viasat, Inc."
VSEC,VSE Corporation
VSH,"Vishay Intertechnology, Inc."
VSLR,"Vivint Solar, Inc."
VST,Vistra Corp.
VSTO,Vista Outdoor Inc.
VTR,"Ventas, Inc."
VVI,Viad Corp
VVV,Valvoline Inc.
VYGR,"Voyager Therapeutics, Inc."
VZ,Verizon Communications Inc.
W,Wayfair Inc.
WAB,Wabtec Corporation
WABC,Westamerica Bancorporation
WAFD,"Washington Federal, Inc."
WAL,Western Alliance Bancorporation
WASH,"Washington Trust Bancorp, Inc."
WAT,Waters Corporation
WATT,Energous Corporation
WBA,"Walgreens Boots Alliance, Inc."
WBC,
WBS,Webster Financial Corporation
WBT,"Welbilt, Inc."
WCC,"WESCO International, Inc."
WD,"Walker & Dunlop, Inc."
WDAY,"Workday, Inc."
WDC,Western Digital Corporation
WDFC,WD-40 Company
WDR,"Waddell & Reed Financial, Inc."
WEC,"WEC Energy Group, Inc."
WELL,Welltower Inc.
WEN,The Wendy's Company
WERN,"Werner Enterprises, Inc."
WETF,"WisdomTree Investments, Inc."
WEX,WEX Inc.
WEYS,"Weyco Group, Inc."
WFC,Wells Fargo & Company
WGO,"Winnebago Industries, Inc."
WH,"Wyndham Hotels & Resorts, Inc."
WHD,"Cactus, Inc."
WHG,"Westwood Holdings Group, Inc."
WHR,Whirlpool Corporation
WIFI,"Boingo Wireless, Inc."
WINA,Winmark Corporation
WING,Wingstop Inc.
WIRE,Encore Wire Corporation
WK,Workiva Inc.
WLDN,"Willdan Group, Inc."
WLFC,Willis Lease Finance Corporation
WLK,Westlake Chemical Corporation
WLL,Whiting Petroleum Corporation
WLTW,Willis Towers Watson Public Limited Company
WM,"Waste Management, Inc."
WMB,"The Williams Companies, Inc."
WMC,Western Asset Mortgage Capital Corporation
WMGI,Wright Medical Group N.V.
WMK,"Weis Markets, Inc."
WMS,"Advanced Drainage Systems, Inc."
WMT,Walmart Inc.
WNC,Wabash National Corporation
WNEB,"Western New England Bancorp, Inc."
WOR,"Worthington Industries, Inc."
WOW,"WideOpenWest, Inc."
WPC,W. P. Carey Inc.
WPG,Washington Prime Group Inc.
WPX,"WPX Energy, Inc."
WRB,W. R. Berkley Corporation
WRE,Washington Real Estate Investment Trust
WRI,Weingarten Realty Investors
WRK,WestRock Company
WRLD,World Acceptance Corporation
WRTC,"Wrap Technologies, Inc."
WSBC,"WesBanco, Inc."
WSBF,"Waterstone Financial, Inc."
WSC,WillScot Mobile Mini Holdings Corp.
WSFS,WSFS Financial Corporation
WSM,"Williams-Sonoma, Inc."
WSO,"Watsco, Inc."
WSR,Whitestone REIT
WST,"West Pharmaceutical Services, Inc."
WTBA,"West Bancorporation, Inc."
WTFC,Wintrust Financial Corporation
WTI,"W&T Offshore, Inc."
WTM,"White Mountains Insurance Group, Ltd."
WTRE,Watford Holdings Ltd.
WTRG,"Essential Utilities, Inc."
WTRH,Waitr Holdings Inc.
WTS,"Watts Water Technologies, Inc."
WTTR,"Select Energy Services, Inc."
WU,The Western Union Company
WVE,Wave Life Sciences Ltd.
WW,"WW International, Inc."
WWD,"Woodward, Inc."
WWE,"World Wrestling Entertainment, Inc."
WWW,"Wolverine World Wide, Inc."
WY,Weyerhaeuser Company
WYND,"Wyndham Destinations, Inc."
WYNN,"Wynn Resorts, Limited"
X,United States Steel Corporation
XAN,Exantas Capital Corp.
XBIT,XBiotech Inc.
XEC,Cimarex Energy Co.
XEL,Xcel Energy Inc.
XELA,"Exela Technologies, Inc."
XENT,"Intersect ENT, Inc."
XERS,"Xeris Pharmaceuticals, Inc."
XFOR,"X4 Pharmaceuticals, Inc."
XGN,Exagen Inc.
XHR,"Xenia Hotels & Resorts, Inc."
XLNX,"Xilinx, Inc."
XLRN,Acceleron Pharma Inc.
XNCR,"Xencor, Inc."
XOG,"Extraction Oil & Gas, Inc."
XOM,Exxon Mobil Corporation
XPER,Xperi Holding Corporation
XPO,"XPO Logistics, Inc."
XRAY,DENTSPLY SIRONA Inc.
XRX,Xerox Holdings Corporation
XXII,"22nd Century Group, Inc."
XYL,Xylem Inc.
Y,Alleghany Corporation
YCBD,"cbdMD, Inc."
YELP,Yelp Inc.
YETI,"YETI Holdings, Inc."
YEXT,"Yext, Inc."
YGYI,"Youngevity International, Inc."
YMAB,"Y-mAbs Therapeutics, Inc."
YORW,The York Water Company
YRCW,YRC Worldwide Inc.
YUM,"Yum! Brands, Inc."
YUMC,"Yum China Holdings, Inc."
Z,"Zillow Group, Inc."
ZAGG,ZAGG Inc
ZBH,"Zimmer Biomet Holdings, Inc."
ZBRA,Zebra Technologies Corporation
ZEN,"Zendesk, Inc."
ZEUS,"Olympic Steel, Inc."
ZG,"Zillow Group, Inc."
ZGNX,"Zogenix, Inc."
ZION,"Zions Bancorporation, National Association"
ZIOP,"ZIOPHARM Oncology, Inc."
ZIXI,Zix Corporation
ZNGA,Zynga Inc.
ZS,"Zscaler, Inc."
ZTS,Zoetis Inc.
ZUMZ,Zumiez Inc.
ZUO,"Zuora, Inc."
ZYNE,"Zynerba Pharmaceuticals, Inc."
ZYXI,"Zynex, Inc."
